File,MFCC_mean_13,MFCC_mean_14,MFCC_mean_15,MFCC_mean_16,MFCC_mean_17,MFCC_mean_18,MFCC_mean_19,MFCC_std_13,MFCC_std_14,MFCC_std_15,MFCC_std_16,MFCC_std_17,MFCC_std_18,MFCC_std_19,MFCC_max_13,MFCC_max_14,MFCC_max_15,MFCC_max_16,MFCC_max_17,MFCC_max_18,MFCC_max_19,MFCC_min_13,MFCC_min_14,MFCC_min_15,MFCC_min_16,MFCC_min_17,MFCC_min_18,MFCC_min_19,MFCC_Delta,MFCC_Delta2
data-v2/01-MFCC.csv,-1.0340658276033137,-4.096893941679167,-4.660513342903946,-5.384974578011202,-11.506961123418481,-5.987862909933487,-0.3155566439200944,8.355492003120057,8.203049847706378,8.306100210690724,7.605404941041752,9.95335568667161,11.192627665238824,10.681119464881164,29.808125,38.36456,42.86508,33.523308,22.956585,32.564365,40.087116,-33.458954,-32.38961,-36.81305,-31.798363,-49.364185,-42.653137,-28.382177,2.0645786467500235e-06,1.6580708176675386e-06
data-v2/02-MFCC.csv,-1.8384884817370157,5.443003337833819,-1.547317649890394,-9.721859328333974,1.5656938023858356,-0.9246804952514992,-6.975264636465961,10.461666484861993,9.9727658040166,7.416006173432748,8.701643345995745,8.22984996165531,6.769147590518793,7.706131413871758,27.628647,35.51292,26.745186,13.456406,31.230139,22.746792,25.489983,-44.477306,-29.709583,-29.99865,-41.112053,-26.096302,-31.262653,-34.989037,0.0001055442077809195,-4.389007775847441e-05
data-v2/03-MFCC.csv,0.5127206309540534,1.789387688869336,-2.23484292026802,2.2194518106482364,-2.696843001686393,0.7417359616173119,-1.3352387862067987,8.850070925448454,7.519669008605208,7.7524455478218215,7.35863608810182,7.121454409153826,7.225650157754911,7.3591193054672495,40.622047,58.050194,39.63164,48.271362,31.823374,42.387672,38.40673,-46.729576,-27.670712,-49.731716,-35.05442,-32.681946,-31.682285,-32.45578,4.745149158766702e-06,-9.722669432567808e-07
data-v2/04-MFCC.csv,-0.867986675371893,6.860059164862563,-4.060022520562513,7.3970140559768875,-0.9899122337489482,7.066877394316061,0.5660191969885924,11.148020498901223,12.262946686537283,13.476060950494018,13.72600638954617,11.340228907154831,12.724370887328792,11.80242655749948,42.043865,54.728077,44.16011,55.940556,37.16471,48.6389,46.277252,-40.489845,-36.446983,-55.642036,-46.016373,-41.48709,-38.68937,-43.084885,2.0803676507713525e-17,-8.532808800956572e-17
data-v2/05-MFCC.csv,-4.529843139776146,-5.138658537600684,-8.205476071134504,-6.730092026587908,-5.033222124829981,-3.6967901294379546,-3.186682608037664,7.8344659298587525,8.108038672093874,7.832538885273207,7.6103032918143905,7.271044414661192,7.129469831875708,7.096073278520417,31.327415,28.74796,25.560593,28.955967,29.671665,27.496279,29.530388,-32.46132,-35.839233,-37.01207,-38.69419,-48.395462,-35.725925,-33.584396,-0.0003199970469654088,-0.00029323081887354597
data-v2/06-MFCC.csv,-7.5444171675044975,0.8762294741531332,-3.627154789629989,4.26048966709654,-8.426299960092173,7.056357641134569,0.43751520825209506,11.64458199692264,10.084537598607211,9.652878471425984,11.854115030854967,14.665370833032764,13.778378772206219,11.35633623936099,44.02564,52.704914,42.7615,50.612312,44.39843,63.092674,47.73499,-44.833244,-37.1808,-41.338036,-49.090042,-56.747093,-38.81989,-38.623283,9.636943651121088e-05,-4.781456957391605e-06
data-v2/07-MFCC.csv,-4.5249527561922465,-0.8627244293543744,-9.331088501207988,1.4200381758272607,-4.621646683669524,-9.151313730343462,-3.2942135126790006,9.46621775892808,9.457657689556752,9.172619523350823,8.911913319243816,9.43541541681985,10.313525024137709,9.30242651140338,36.31202,32.832977,33.807564,42.658882,36.023705,34.14117,38.100883,-49.120316,-41.04393,-45.014664,-39.55461,-41.482925,-44.60382,-36.472717,2.7739165938484305e-17,-9.465163700319542e-17
data-v2/08-MFCC.csv,1.0088939804166757,-3.5162528811942666,-0.5275703622093899,0.1780932897319812,0.21199635721925225,2.156522629831625,-0.4809166771331085,9.043772173420678,7.901038773413873,8.314638209602945,8.105884440112485,7.9356236967272675,7.666176171484864,8.044594650299814,37.742706,31.826387,30.863888,38.899998,32.486828,38.811234,38.164017,-40.569244,-37.214115,-39.184162,-37.095528,-32.10632,-27.88496,-32.328743,-0.0001656346261351835,-0.00010692059834322112
data-v2/09-MFCC.csv,-7.103293160964952,-7.137121195847241,-4.331330980328182,-5.829325550434431,-6.556752914262415,-5.550672299400966,-6.562037547952805,8.30633012507829,8.664453884113254,8.312613767610683,8.060469104231192,6.90385815733052,6.472850692891694,6.862521230149966,32.127556,33.951797,32.954346,35.026623,25.775902,26.00135,28.932138,-39.443947,-44.951878,-32.779335,-35.594994,-31.798729,-28.778074,-38.18605,-0.00046950631809352647,-2.9294074153922277e-06
data-v2/10-MFCC.csv,-0.4266297013316253,-14.560533433637419,-3.763283851980326,7.473021515209894,-8.25330305803778,-2.3295342851814462,5.014559273510694,12.736053815490642,10.195392298574625,11.729862467481942,12.731936512936539,11.459889883879164,12.111743407497912,11.522798266163012,40.476288,37.091362,52.81346,61.424522,45.29442,58.20721,54.182938,-45.717514,-50.965057,-44.600384,-49.116436,-52.293137,-38.010643,-44.849483,0.00013765656621145513,7.990928546288121e-05
data-v2/11-MFCC.csv,-2.3321425668895532,-0.015117447638538504,-7.7377681366059505,0.3205225327865613,-7.171132325840244,-4.60202062416301,-1.4585453721177162,9.40958210110274,9.325292090958055,9.067228625073064,9.722216546998725,10.427334461325149,11.368051430053088,10.86971077427105,40.88397,52.08062,57.756348,51.124985,55.776787,69.03444,60.837677,-32.322838,-34.15152,-43.947098,-31.375391,-45.155388,-42.713573,-59.294014,1.2558058269550038e-17,-6.92918936252562e-17
data-v2/12-MFCC.csv,-0.5161363325562532,2.1080205351580728,-2.3204438735705244,1.881560023695215,-1.1905553333481742,3.743996409865662,1.5231266945612638,10.15002632634914,11.32540327847059,11.011460693319695,9.953974037186901,10.65312582823934,11.35508727387526,11.219102683463614,44.66166,48.62113,48.89518,53.604156,44.798782,50.956875,50.539337,-40.636486,-42.30862,-39.563553,-33.804977,-41.143673,-50.695644,-53.352295,-7.745218132684812e-06,-9.469194388881153e-05
data-v2/13-MFCC.csv,2.468726513899516,-5.014691445937649,-0.5414159245465016,5.971312643451835,-3.985651650890562,3.260712948169343,3.40779233736302,11.0446060334767,11.45358995113113,13.469076298430954,13.974669204929922,14.726622756533216,13.02962870372567,13.480827055231186,65.02598,48.62764,59.13624,59.51258,57.847054,60.682552,54.630566,-40.170876,-43.93952,-39.869064,-39.83919,-56.017456,-43.161232,-58.437485,1.1614661578343608e-17,-4.293252657580082e-17
data-v2/14-MFCC.csv,-6.934862415647765,-1.5384603423736538,-2.1152412693733793,-4.737933905961901,-3.497907403248319,-3.2474431457264554,-6.286975315053753,9.00031034284997,10.768272028408276,12.123180510430613,10.256546972815856,8.861599419364012,9.632210817806984,10.230347832960272,34.87027,49.197823,45.17904,34.609077,30.074041,33.725616,34.194496,-40.62842,-35.880188,-45.24347,-42.813232,-40.18349,-42.304825,-39.760323,-0.0014463793363371884,0.0007309475360156431
data-v2/15-MFCC.csv,-6.341965406529592,4.59122915912725,-4.3495805061822175,8.819987370712129,-3.8385128513053264,3.9626399762544313,-4.646893567843185,11.163235699002245,14.112202136769561,12.910969822632682,12.516257304892465,11.751787297730193,10.049117092129682,11.529501211136168,45.612045,52.94233,39.109364,52.657265,37.65441,54.79065,46.518845,-49.095127,-50.814743,-50.68116,-33.244453,-49.737316,-33.576607,-45.39989,0.00023707092088313725,-0.000100448961135916
data-v2/16-MFCC.csv,-4.104140029389541,-3.4311108990058163,-4.650644968328645,-7.149868388174562,-1.5972598038584238,-1.2881665330915057,-2.848999492210314,7.693697738219682,7.321802741931773,8.236861940251837,8.314063590975113,8.275250951320762,8.044434397136317,7.531083995714302,28.880955,33.732327,29.00986,18.13577,35.29241,28.982456,23.828072,-35.52133,-33.31474,-45.689297,-42.684433,-35.941658,-36.852386,-30.97044,2.5939262813925998e-17,-1.5937719098618e-16
data-v2/17-MFCC.csv,-5.575260445482431,-1.100273172328894,3.859300425980256,-4.1263632396247285,-1.7533042047652063,-0.42363424344163053,-3.138693347164605,13.320310070905176,7.308860838440666,9.08933980342184,7.868569783325975,8.221572995605767,6.841463417092842,6.142545947370318,25.801258,28.41838,39.23448,22.103115,27.445293,26.362045,23.295115,-58.42304,-25.019772,-25.369104,-41.186295,-34.17442,-27.972843,-26.205956,4.078338664008259e-06,2.63650241541703e-06
data-v2/18-MFCC.csv,-5.229223953166377,-5.205350089457181,-6.26278893402288,-5.6350744900408385,-4.655587933836498,-3.646424935837442,-6.219273256970393,9.098124431420974,9.055200903614868,8.315468273677633,7.639019709440068,7.2583344811443835,7.21972032143795,6.98506393408944,37.02005,38.611137,26.547878,26.325577,26.944204,30.667973,25.16555,-35.98481,-31.51022,-38.614883,-35.009705,-29.11626,-30.369291,-32.061047,-0.00033502505026294607,-0.0005751493285538155
data-v2/19-MFCC.csv,-0.0932403266207432,-4.192762059648508,-4.55630481043268,2.6782386955597914,-3.19537375908574,-2.064740229303304,-4.030760803497042,11.628826978531546,10.74119954058868,10.687793080832325,11.406515505743743,11.00451723027094,11.397290934143083,11.086395831267879,54.29152,42.299843,43.177097,42.668343,44.630493,47.558735,36.726143,-40.065643,-42.9666,-52.638123,-49.81079,-37.107174,-41.900833,-43.268982,3.1001957294989543e-17,-1.1754085688596477e-16
data-v2/20-MFCC.csv,1.536348742770173,-1.3924789687031955,2.664131517149966,-0.8053227965049434,2.971385890298258,1.3736339990257953,2.000269164779784,7.883563535100543,7.840555592350237,7.462380339483387,8.19544022624759,7.754516279639304,7.774429885935018,7.546962337949567,37.455612,45.269806,40.156334,43.09083,42.45491,39.376503,37.846436,-33.751434,-34.486496,-30.423986,-27.743587,-28.223377,-28.936024,-26.96897,0.00013851007855038785,-0.00016114324265217256
data-v2/21-MFCC.csv,1.7857125598222459,1.613057849016959,-1.0705788288338665,-2.916687180190725,-0.7491989875417355,-3.543705113532697,-1.405788828348038,8.853875198816475,10.74893101937619,9.968079177425485,9.972098188451914,9.762849744399741,10.066246026038804,10.325204054129724,42.06555,53.591904,50.370464,35.80822,44.56672,50.009266,50.14911,-32.913174,-35.004883,-55.44472,-59.437183,-48.09314,-56.244858,-50.923035,1.5632011715469805e-17,-5.818304799063222e-17
data-v2/22-MFCC.csv,-3.7854964014902825,-3.516450614327483,-2.5935569549159374,-1.963071904656754,-4.5538446976865,-2.4856479037473624,-3.4358898503479955,9.15569965075183,9.14811385096337,9.410196364285033,9.78175968392736,9.046417633786888,9.365867649612545,10.48237371825214,33.97721,35.652416,40.528618,51.87857,32.714188,57.78952,52.746082,-54.456512,-42.375282,-46.895245,-34.572426,-42.657883,-40.840107,-47.240196,1.2150119405394414e-17,-5.924004164143655e-17
data-v2/23-MFCC.csv,-5.301525292895509,-5.5088915145404656,-5.240810573678824,-0.35117840836687614,-0.2557261250207757,-0.7791192328248093,-1.5103242054567865,8.865158794654052,9.261422453325306,9.989847316439944,10.762165011248406,11.822345126901459,11.2179580104918,9.723349789325436,43.466217,40.940388,33.525223,40.397247,47.16456,44.5999,43.333656,-38.953262,-34.930923,-41.36315,-34.63276,-32.97567,-38.318584,-38.90138,3.4947162764063515e-05,-8.763056203125892e-05
data-v2/24-MFCC.csv,-2.240877870568145,-2.0489400948796344,0.6952328505367018,-7.768426175672147,0.8875569464536326,-2.183571803855402,-3.7235986439022004,10.537997916822041,9.66685418363497,10.521411561013352,10.427803611059993,8.462529241210378,7.671031710358583,7.740136806028513,42.805466,57.07862,63.97721,39.291042,35.726425,28.701443,35.215446,-54.177544,-42.73056,-51.491646,-52.10748,-33.919136,-38.804745,-35.75334,1.0284749510156496e-17,-5.091376363357629e-17
data-v2/25-MFCC.csv,-9.61326481154699,-6.486075545704994,-9.87900864959533,1.7364005303235308,-9.388045274797385,-7.090794135513667,-1.8805385654750073,9.642664203721955,9.481011955870772,10.323122617532333,9.767603904349764,10.689011944754029,11.970273500788881,11.38432406586231,39.50396,47.5014,26.10698,49.22357,33.922714,40.872456,45.437595,-49.84601,-41.47898,-50.180183,-31.498219,-47.285995,-42.09997,-44.89924,3.7335421453147163e-17,-1.4029007530524102e-16
data-v2/26-MFCC.csv,-3.8078010136176923,-6.264737225683135,-2.645899350924213,-0.10537389231994694,-2.8687553295898867,-1.9392424421602952,-1.8964308037684217,7.29000171130358,7.76691624158239,7.807148749571291,7.808207647817124,8.562522342680476,9.123995932280565,8.481964456749557,29.390717,27.827948,28.662983,27.461414,30.054214,35.274586,33.17576,-28.055202,-31.231598,-27.277569,-23.676863,-28.440056,-31.900532,-29.142065,-0.0009698422162022261,-0.00041208534659546524
data-v2/27-MFCC.csv,-1.6572655203851439,-5.644983820859515,-7.835014894186779,-3.4606969466463644,-5.648657266164827,1.1738209884576623,-0.5815042070546312,8.023537299151892,9.514390354823247,12.888595203541671,13.53511836654784,9.306945072767947,10.320690681605695,9.685507775712011,26.90958,34.036377,34.460407,39.529263,22.475163,33.833862,31.71914,-28.153574,-45.129585,-68.12111,-58.472134,-48.74918,-45.757614,-33.409004,4.887541493704773e-07,-1.5435120533791499e-06
data-v2/28-MFCC.csv,1.059816532491962,-1.273291942715717,-2.38194443100545,-6.635709004329001,-13.696860884685012,-9.435147943022711,-1.3918026067000375,10.266588303045992,8.87263433327232,8.232898108000992,8.530971324784316,9.051101004907185,8.413139897898747,8.11310949993562,38.04032,34.462296,31.617916,28.392208,25.392506,22.642284,37.795273,-36.02527,-34.702057,-33.3061,-31.720818,-43.65575,-39.205864,-32.742485,-4.6372678095071544e-05,-0.00018366014860844403
data-v2/29-MFCC.csv,-6.390717515313439,-12.133364257287075,-14.07394445289634,-9.820762356522293,-10.60020052345869,-10.499632408903867,-8.300018179252827,7.680622428578868,8.579463887163447,8.113732271936437,6.769150380045994,6.784763549181065,6.030764312488602,5.922830581017831,35.05748,27.017109,22.770672,17.612652,17.69791,10.765493,19.428844,-41.423317,-42.702988,-41.720627,-35.31362,-37.289974,-33.508553,-34.071552,-0.0006685282264993349,3.4163229728249746e-06
data-v2/30-MFCC.csv,-0.806693381193672,-0.2917808292758557,-3.4231665798075577,0.2348752158162944,-3.294260943853381,-6.460665340036193,-7.440656340311332,9.231185705781952,8.898519912679577,8.897474301213727,8.486693913160178,9.457859294325544,8.473550007555392,9.995717595363397,46.57119,31.021702,38.86584,45.33493,40.428383,34.000076,36.454807,-40.607018,-40.290714,-39.348164,-29.169537,-40.86165,-38.33407,-45.93409,2.323928887763976e-17,-8.409458955499605e-17
data-v2/31-MFCC.csv,-1.9751788005572828,-7.010319426968251,-5.138718606560984,-4.3648984166897105,-4.494788623710715,2.7358528566675924,3.6783469161053053,10.809863157414814,10.399026564191393,8.291309245207872,8.407162955060109,8.948083749720489,8.758903156718942,9.931627801181822,39.46752,29.420465,28.621998,24.072598,25.185013,41.196266,41.76509,-42.263996,-43.796085,-32.82935,-33.148376,-38.779682,-29.58854,-25.51943,3.945570965768272e-05,-1.8317897058312314e-05
data-v2/32-MFCC.csv,1.3166448190243076,-6.018172876576996,0.07026583075311248,-7.436831804421924,-2.001463831568411,-4.085258066047708,-4.197394165164954,11.896605391159731,12.416170139900167,11.545654476617193,13.003375339196612,11.251129471178224,9.94891863347391,10.163361965546738,63.94635,78.1478,71.18642,77.22665,75.35109,47.292786,55.332703,-50.69051,-53.553886,-46.498627,-68.34514,-43.49025,-51.939182,-46.33245,8.02411773893119e-18,-3.2055334655923906e-17
data-v2/33-MFCC.csv,0.6917158886763883,-2.690624162565873,4.834702407772648,7.5293109237010905,-0.8423856688240973,4.107655958752204,4.938225097965538,14.877321471063423,15.873314007262042,14.775711518823902,16.347553695252888,16.922291995808024,17.015744920016004,17.289330463614995,59.335114,55.95263,65.38934,62.47455,57.575035,56.78826,65.40539,-53.730606,-48.380264,-41.101044,-41.877625,-62.16329,-65.14717,-59.718044,2.1170555215762258e-17,-8.499777114404277e-17
data-v2/34-MFCC.csv,-2.002803476047004,-1.2465469545679613,-4.0783482145120535,-1.379032637117556,-4.682739017446432,0.7225551659417686,-3.3271313670933145,10.052430067192516,10.132209265005686,9.477019809497463,8.995390414134516,8.025711760026342,8.499365252203331,8.227300254024156,62.136475,54.5029,39.402504,40.63523,29.917637,40.010307,35.714592,-36.14112,-36.268265,-40.777054,-32.81639,-40.00952,-36.41223,-39.203285,2.931417781152856e-17,-1.2192637335781465e-16
data-v2/35-MFCC.csv,-5.875685956333296,-3.852396585928362,-9.052941102527615,-0.3616105332147053,-6.296980371951373,-4.60558380821842,0.10521242629976185,8.884153749156159,8.032934984127463,12.78746831339074,11.277062608638468,10.194734288124677,12.100625188366683,12.360299063846556,34.750282,34.30925,52.55166,44.638397,32.26499,50.080048,42.70181,-38.459328,-32.016544,-41.53546,-34.122276,-40.70411,-41.367256,-56.84427,0.0001394177070155459,-1.282704757414639e-05
data-v2/36-MFCC.csv,-12.17698485182038,2.064775088908527,-2.7481876714575586,-3.7329247835518027,-0.46077017674795245,-2.5683844140067116,-3.465955517194449,11.192611950411791,10.415192708080783,9.528224510500813,10.595833479303343,10.564592062646181,9.974245721639061,8.957946051516284,46.51803,51.014824,38.162704,44.11046,52.739418,41.831333,39.117523,-47.021217,-38.6363,-39.87616,-38.558037,-43.1932,-43.8106,-48.738132,9.458516427273123e-18,-3.5160039578320504e-17
data-v2/37-MFCC.csv,-7.985136093449017,-3.8821019890241497,-0.3567334057996937,-5.919608495955551,-5.071854237163088,-4.840172917477978,0.876894495984892,9.956805066011238,7.802828909581489,8.935567606406789,9.138320929077636,9.582106924163194,7.7165801639172695,8.079652123778814,31.370914,25.99905,45.68629,31.393124,33.535366,36.16429,34.673134,-43.094585,-31.959957,-32.60197,-40.364197,-39.42395,-37.72979,-35.48681,1.4458904064788176e-17,-6.75318610779451e-17
data-v2/38-MFCC.csv,-5.88935862014976,-5.999658510461907,-3.83534417643957,-3.1036407563351407,-3.9692462008873663,-3.81154813214478,-3.7060020913468406,12.687718624522446,13.562682494010126,13.310292416868235,13.021230222369736,13.88141523429347,14.17911471748825,13.711089835652006,64.96633,57.27974,56.367134,57.658455,60.053932,56.435013,58.619038,-46.37358,-51.96326,-49.031036,-47.825397,-48.58237,-53.678097,-52.71235,8.606868077329776e-06,-1.557470195003437e-05
data-v2/39-MFCC.csv,-5.317054340322101,-1.1500220461122728,-1.0323350094697445,5.748428093111129,2.4467255478639878,3.1893590130070146,-2.1782331511958626,10.785601974333883,12.654657150350015,13.531221524026243,13.773854635809103,13.460941514806565,14.77646744788889,15.015794859445686,58.979683,70.2686,58.050743,57.015526,56.834763,65.7802,49.32429,-44.24669,-45.811356,-38.337112,-33.978104,-47.23667,-53.33358,-61.923607,1.939473674194953e-17,-7.961661200220145e-17
data-v2/40-MFCC.csv,-3.9155999524488037,-2.1205145995633283,0.5436672197521546,3.6277525559283355,1.4526597507394214,2.6730105588516713,-1.3146980756020037,10.475352930738008,11.798113264962446,12.058127435354123,11.58313166779831,11.110114480100334,12.085965435794504,11.970762272645478,50.866974,44.088383,49.29769,53.69838,48.380157,55.88468,50.77482,-44.61606,-36.176888,-33.83168,-32.612755,-41.46409,-36.594658,-41.901787,-9.027349754088015e-05,-5.5792028840891735e-05
data-v2/41-MFCC.csv,-0.18994552737505566,-1.8689747588913752,-1.0542654344420703,3.628396685414713,-1.9723738204371144,0.008729640413000525,1.8417967022982225,12.112679440741148,12.829490414083148,12.471957326528969,11.53721558259561,11.113725777927137,10.811942332700779,12.098291509117342,65.84696,55.12088,60.622475,70.61659,55.82361,51.110325,51.73542,-53.977097,-49.423367,-45.97272,-39.76522,-45.00305,-43.689606,-55.69925,3.2215088772386454e-18,-1.6082540845070868e-17
data-v2/42-MFCC.csv,-6.230088170895055,-3.653279902076064,-1.3922701025141013,0.6088618828980198,-2.6088146560217176,-3.340687425509289,2.349962144368827,11.340719236783002,12.14216364351683,12.1264444824213,10.778361572128034,12.116719398940521,13.443631790851772,13.457989026425807,58.12355,49.312958,55.440327,42.360138,47.929573,51.39184,54.777252,-43.312035,-35.170105,-42.87792,-35.57541,-47.67698,-46.646233,-39.059475,1.718452462931893e-17,-8.175060790656764e-17
data-v2/43-MFCC.csv,1.716434797248284,3.8322944723370234,0.11247941495814204,7.521022872001607,-0.12976031111123199,-4.986765175494891,-8.993215374652872,11.11521622068547,12.509839462259936,12.049090411426441,13.700013263363086,12.561785796165687,13.731267339804978,13.717645870617206,48.550423,59.315052,39.196434,53.406487,50.68675,44.41054,37.474068,-39.816826,-38.63781,-46.71335,-53.685234,-57.59304,-52.12265,-53.614117,2.2993829433477682e-05,1.0565625465607077e-05
data-v2/44-MFCC.csv,-2.853680041998645,7.43571585352027,-3.441465380849909,7.676549338909676,-4.801751914964809,3.932493666660817,-3.7291177345152904,8.696221964464764,8.151078971243571,7.805384195299187,7.497323022175177,8.118854449811204,7.187792032810265,9.230430067931346,33.36139,38.960316,30.787199,41.127243,27.892155,40.13663,33.71431,-41.776806,-24.280136,-39.711777,-44.61896,-37.000813,-29.327871,-38.522545,1.77778432460893e-06,-1.452913490231444e-05
data-v2/45-MFCC.csv,-2.4019799056239663,0.3263590251076601,-1.8645716762816553,2.290950121686614,-1.1403536113043504,4.6806635322912,-2.154596811551047,8.146792936548685,7.052422797002022,6.417687896244092,8.136386587705402,7.562522057768048,7.822972550688607,7.504200025798862,34.050854,30.056713,32.13952,35.350136,36.16722,38.99221,37.285774,-39.777023,-30.236492,-29.1559,-31.651909,-32.929077,-29.296751,-31.46692,-2.3232133273080087e-18,8.137276844105196e-18
data-v2/46-MFCC.csv,-5.425938345346939,-5.834516494261308,-8.356239409477144,-5.74104687480455,-4.443906063002038,-3.2043109088841693,-6.582368973645043,8.578294484035295,8.275480419257654,8.080147967011463,7.26405185818647,6.418566140962575,6.197109817721166,6.550129762728239,29.898289,27.114355,24.450882,22.003677,20.054596,21.620846,17.767326,-36.87188,-37.641533,-43.153755,-31.635792,-34.21689,-27.739176,-31.3723,-0.0003250717389882624,-0.00011449139664835464
data-v2/47-MFCC.csv,2.7895308127119565,-4.088021926683631,0.6857247544453313,5.1800150788203,7.660704211380077,5.883022667034757,7.958054604619426,10.219785462850831,9.485188888129464,8.736444492095055,11.883677339846507,10.78207372912543,10.726322256515893,11.623439734164608,49.450603,43.50889,44.135395,50.166893,46.851624,43.780586,45.47004,-29.590885,-42.440926,-38.613922,-32.936882,-34.047043,-44.928505,-45.423496,0.0002101916530480647,-0.00026096331387813606
data-v2/48-MFCC.csv,1.8355801729762695,1.4733614832798259,-3.3078270559233656,-6.671176577869151,-3.402861675018675,-0.12753593817054637,-3.5164540106191104,12.485838929786427,10.214382056420332,10.480149311045272,10.079854962308408,9.101327647721577,8.9361709926707,9.390848651133323,56.340652,53.160465,49.95176,43.093193,49.68096,39.258522,40.74581,-37.15085,-39.111633,-42.005787,-40.736866,-53.079758,-54.720535,-48.22138,1.3529810724216943e-17,-5.618222856948534e-17
data-v2/49-MFCC.csv,-1.9940976747329489,-3.448412083129756,-3.8830928926512702,3.146528567404266,-3.463244901479879,-0.3862795974197721,-1.5754651253941545,10.024010751265672,11.253946366219916,10.580922108399788,11.113398365753298,11.04662692672518,11.581598237024597,11.853841858918102,57.96507,53.638863,44.018684,45.087025,39.43299,56.42666,42.64789,-41.307583,-47.339767,-37.40573,-36.273544,-44.55219,-50.11012,-53.357315,2.0821614320585534e-17,-8.378686687722547e-17
data-v2/50-MFCC.csv,-2.1331736688600302,-8.339095832463595,-6.212306793653138,-0.6824463906870983,-2.3044514984449194,-7.724664155136354,-9.141425133242308,8.039146117781753,7.818833283740331,8.043321049906549,8.78295537992318,6.990823052787478,6.451962676638457,6.149542522142422,30.708954,25.847692,27.510735,30.459402,23.906723,18.59629,18.306412,-35.00122,-36.237427,-31.621645,-34.588448,-31.398184,-35.241394,-36.216263,-6.255388356666281e-05,4.418155658500255e-05
data-v2/51-MFCC.csv,-9.137149537053416,-1.8401135900808,-10.092925815246286,-4.2836707050661325,-7.399606769415892,-9.46650094398871,-4.064941280667504,6.717764832567545,6.883251515393791,6.851018605784612,6.639876753462025,6.284920967716182,5.8389369719050235,5.3425050953029025,23.144901,28.29294,19.148968,22.672556,24.593485,13.84583,17.268528,-35.081486,-28.59426,-35.637455,-31.865742,-28.403301,-31.895609,-26.478928,-0.0005251840365291385,-0.00035401659618158074
data-v2/52-MFCC.csv,-3.594060970317728,1.7993655243435074,-2.046227744617268,3.995525381483709,-6.018072163100524,0.9034478722791675,-1.5043390810332444,9.050445271782927,9.497896954635078,10.122981140225761,10.395758798346135,10.086311962122515,9.989528243453124,9.953636876907424,43.05755,53.55104,37.753666,54.425777,44.59397,53.35524,47.363792,-48.4608,-41.86244,-53.606117,-33.09283,-40.51602,-39.24382,-34.614067,3.1759490253191665e-17,-1.2731689960898922e-16
data-v2/53-MFCC.csv,-1.3773598781337422,2.533365027530668,-1.8881801708473733,5.540594960731725,-2.3987582913040555,2.7008420235625206,-3.063204802740797,8.28596979119792,8.558820439670614,8.322968956272625,9.17102060364023,9.101228439773697,8.981078743911288,9.807306326658237,36.056076,42.20934,34.716797,43.537514,40.068375,40.235878,41.723064,-49.136227,-44.43478,-38.45404,-29.152985,-37.937515,-33.067284,-41.674957,-1.5962748543434944e-17,5.3216555640386396e-17
data-v2/54-MFCC.csv,-6.0026739810954295,-2.341679144520279,-5.364914147265872,-3.959018430300821,-3.3113561485283918,-0.8771220694880123,-1.0409489503817604,8.83884611208794,8.853968585721912,9.928535739989407,10.096804062287791,9.624816912489372,9.317861563052729,9.17425466805534,37.917427,44.964737,41.524414,39.578415,44.758442,44.567528,32.38695,-45.52632,-41.260002,-41.845894,-40.974567,-41.060276,-39.921036,-40.83911,1.3536425124254805e-17,-6.018990895051954e-17
data-v2/55-MFCC.csv,-2.3674832365619953,1.0981926884673705,-3.835875996718375,-5.859136797620646,-3.4055162116867446,-6.804467889137399,-8.984743276511956,10.108582375935024,9.63626519404633,9.360045499906096,8.714466324182398,8.4490280536101,7.662807768317902,7.948103653156106,44.98342,47.651264,50.9009,43.1973,30.211428,37.95349,44.630516,-33.18776,-37.63015,-48.650536,-37.777176,-37.818703,-45.73301,-42.051716,1.238394614064609e-17,-7.151083685665011e-17
data-v2/56-MFCC.csv,-2.9317841276413654,-7.531124159729866,0.5235959268504516,2.2647845920339855,-8.434583449436001,-1.6976823879584075,-1.8563710976897025,12.593757749497964,14.001914864483625,13.9836652150239,14.76107508208975,13.947682540301832,13.9672116911119,13.676904260758672,55.70843,49.32365,62.372986,67.54648,49.056786,57.518406,45.999306,-53.199604,-56.193615,-39.04146,-45.93399,-57.85251,-52.660233,-57.25058,1.13661753748375e-17,-4.499805141122359e-17
data-v2/57-MFCC.csv,-2.1046095928432607,0.8333832669977529,-3.01405105724877,-6.025481944501613,-1.2755498048664058,3.2114933863718953,-2.0892581921870286,9.894076946710824,10.043468181193484,10.234076198330158,11.19692905959807,8.293471259013586,8.699111789311324,9.165313724059303,40.92151,44.08465,60.91971,52.820133,37.299812,34.49789,40.17348,-37.67486,-41.8157,-38.826088,-39.788197,-35.822495,-29.99081,-39.85431,8.979073478343467e-06,-8.2384904624396e-06
data-v2/58-MFCC.csv,-2.5766010199245466,2.9763864465126315,-3.1464695542263104,-9.247679042945347,0.1197457620381648,-0.8898526876014827,-7.76103240539762,10.383210472146551,10.25289108650647,9.80498562322789,9.777945838236935,8.607815450816547,8.267296829405488,9.293751189060632,60.83745,52.559303,49.906105,36.059505,31.473053,33.901096,39.487324,-42.81266,-35.75016,-42.72959,-48.488285,-41.24562,-40.23736,-38.055832,7.318044189463706e-18,-2.6492415928909452e-17
data-v2/59-MFCC.csv,-0.6120303402420627,-7.268178645723542,-6.455381472361289,-2.1183263364669838,-7.709597290380259,-2.3168960802690344,-3.685319047730579,7.38758731030526,7.8019361738651085,7.836596715850094,7.491071836588985,6.7587035346605555,6.815250990570873,7.69835655141855,23.115326,26.784956,27.994469,27.323807,21.859867,20.902573,27.537605,-28.675049,-40.257988,-34.27857,-30.875294,-34.41214,-28.315825,-31.704266,-0.00032437765018905444,0.000197312232360859
data-v2/60-MFCC.csv,-2.0080070639821836,0.04955768112564722,-5.08386745797418,2.510484678945339,0.08300987102458716,2.326322341926293,2.2360472807758267,7.955455537554072,8.848317545040318,10.234930308606586,10.278057142518948,10.239422515896072,10.25828990162952,10.49319097329172,31.592178,41.558685,38.966015,41.73523,40.297516,52.185127,42.465755,-39.18195,-39.66161,-37.595154,-33.246284,-33.212395,-33.17006,-33.091034,0.0001423006854406642,-7.325616100326822e-05
data-v2/61-MFCC.csv,0.39570999143685887,-2.5368106981404,-3.935360796765851,-7.822349978983549,-4.476022537753219,-6.278899290088282,0.7856240451564594,6.57509745825133,6.330484758282653,6.748692019100034,6.97556673583465,7.205821922206971,7.679188783371407,6.948602867158155,24.57918,26.17558,23.806484,24.23987,24.68842,24.218044,28.243374,-25.182346,-26.604568,-25.919704,-37.827538,-29.494003,-45.35743,-26.81989,1.3375299379812005e-08,-1.9971387127583922e-08
data-v2/62-MFCC.csv,-4.36717190060424,-4.178788272663017,-2.6602052819702515,0.4611499984388615,-0.8089968409320536,0.11627323538173288,4.479738392091244,11.060730137721178,11.623491060767934,12.982818270057626,12.481608698916569,11.730114127425436,12.369333226547642,15.4630541855747,51.030327,50.211,73.34029,59.498425,51.020977,64.62706,71.11264,-44.596256,-48.259354,-50.269646,-35.686867,-49.490585,-43.634148,-48.571808,1.0492512881837473e-17,-3.997327514294655e-17
data-v2/63-MFCC.csv,-7.653881104857974,-7.02696756224372,-8.475998724841093,-8.34324841441044,-7.065340926170845,-6.612974081186041,-7.503882228573605,6.871786837762483,6.487531246180186,6.705359060006412,6.308215582755127,5.943535947564038,6.305507448796654,6.347049577752818,22.367506,27.521893,23.566744,19.172962,25.021664,22.755379,20.160114,-36.7601,-31.96955,-33.3241,-33.091545,-28.046589,-28.416878,-30.374514,-0.0006270440183829086,-0.00020000246204593164
data-v2/64-MFCC.csv,-8.24755912665833,-4.009922315336193,-10.638152551651222,5.294599388206182,-1.7930228210173835,5.816013330218879,5.700394210977377,8.397151105869366,7.94583254916128,8.570312064207515,9.721501976887964,9.529005202234773,10.22822217075725,11.815062850718727,34.108208,38.60119,24.805374,43.29659,36.0245,44.060074,43.669533,-35.79312,-33.346725,-39.297737,-41.17369,-40.560127,-32.13552,-49.612892,2.487003092458684e-17,-1.0850812607924447e-16
data-v2/65-MFCC.csv,-3.93668669320716,1.061708263387832,-10.003613969380721,-5.551710767640483,0.21216218365156675,-3.063251573046716,-8.677887101653662,9.654485194850391,10.470893122719762,11.38781454856753,11.864469441316839,8.689982365810193,8.771140158095042,10.359530434829487,44.221634,51.898335,60.509342,61.864277,49.884842,34.692238,48.692127,-39.92099,-35.83008,-43.80584,-38.64141,-34.20298,-44.072132,-41.2814,2.6987453302762288e-17,-1.035822758253221e-16
data-v2/66-MFCC.csv,-6.17599199096065,-5.196986198574164,-6.37789888035749,-8.292452655922322,-5.9768313958646635,-7.962709079978068,-9.34853558839085,8.17246663400977,9.25185137183194,7.774186450861242,7.295425675220501,7.336488470555855,7.279637236254434,7.054942962336446,23.938387,31.960196,30.393383,29.883915,34.43962,31.771803,27.678928,-34.2722,-31.335333,-32.228165,-35.764297,-32.415787,-40.951122,-39.67958,0.00023318880984305354,-2.8902774263743057e-05
data-v2/67-MFCC.csv,-6.74183002531132,-6.953329528450762,-5.189945480794655,-6.150288296671524,-5.900963475467848,-8.201389310713727,-8.304405130382083,7.647100343909071,7.45708697281415,8.157447812841264,7.947495700585312,5.950080097633777,5.826570825080075,6.484037348414964,17.083668,18.172651,23.785645,19.178759,15.740716,16.595398,17.862514,-40.750175,-35.44127,-30.385704,-32.309322,-25.738075,-27.821056,-31.493786,0.00176736094824595,-0.00025302474528864994
data-v2/68-MFCC.csv,-2.633809663722517,-2.425158042309484,-6.405666437879681,-5.010985062594416,-2.6520733275094805,-3.3846207571413784,-4.046016806864821,8.295526349371732,9.138776310174347,10.00277217022512,9.653078495952691,9.359572984931464,9.31947627133411,9.92028858565754,29.463995,53.91536,44.437065,58.516525,38.519432,45.0064,39.230453,-51.819542,-37.383804,-46.588512,-46.48002,-39.98093,-35.816696,-41.76104,1.509162654327757e-17,-6.814621181184044e-17
data-v2/69-MFCC.csv,0.9096461434469211,3.7216453975854815,-2.723462936554358,6.9598339859027645,-3.080752875096821,9.387486762704807,-6.425328232039084,7.8669902648283925,8.471647321838828,8.88057315621911,9.371235426052255,8.839412268333106,9.287425035648486,9.196737085501164,42.210632,52.060646,34.964123,46.823833,34.115723,46.921223,30.334362,-33.14441,-29.445946,-37.46453,-30.44017,-32.588062,-33.618843,-48.16291,-3.3860009704231873e-09,5.894548719877828e-09
data-v2/70-MFCC.csv,-5.691897149549169,0.07584692496895058,-1.2451196082222609,4.546163505354341,-2.3331283015671818,10.077891699668502,3.30614510711784,11.324885125857218,10.605013691453742,9.889019872916844,11.867173530766038,11.229152618757977,11.064420247821674,11.535514490282571,44.13453,48.166138,41.943405,51.83963,42.26054,51.982445,47.220455,-44.626785,-38.32491,-40.40288,-36.448677,-46.562035,-33.2166,-42.60631,2.4249683974614043e-17,-1.0084392065033633e-16
data-v2/71-MFCC.csv,-3.4521258996538724,-1.930311974418994,-6.82592622698147,-0.46230828529885953,-3.562651647507619,-2.894761800162628,-1.4781661615309634,9.711985522487455,10.685688778304096,9.649977548480745,10.474841126626961,9.648551852736384,9.300003513126198,8.896848811749406,36.817085,41.97973,31.452631,39.549736,44.72522,41.837257,34.105526,-38.833138,-44.312977,-44.071922,-37.97648,-38.197487,-35.826107,-37.34931,0.00028066082666716393,2.2928980216919434e-05
data-v2/72-MFCC.csv,-3.1953501324279387,0.7717164917007248,-0.3899597518233285,3.719205603972857,-0.22272168797603595,2.2381583551450137,6.771069841029808,13.339764701702258,13.668648258357035,11.524887715412259,12.996153799115781,12.655299083865625,14.716801144106446,14.297774138200221,64.96919,63.542873,53.402245,61.69226,42.202995,59.37099,60.230316,-47.883377,-60.21757,-46.18693,-44.90714,-60.923943,-55.34868,-48.179745,1.2136885938688175e-17,-4.2808807223332705e-17
data-v2/73-MFCC.csv,-6.4171251099386595,-3.00398753554237,-3.52185123777584,7.638002073222194,0.08664162389932578,2.1571574560405153,3.418175454922696,9.246269110559728,10.43634526256532,12.796705635140537,10.081648519008871,10.13948355024041,10.34452483581157,11.379649172704099,34.84051,34.495773,54.196785,49.608612,37.81511,56.232002,45.231407,-44.056465,-44.198982,-43.871746,-33.74998,-43.460625,-38.514282,-42.0325,3.47012859206867e-17,-1.4417781757179263e-16
data-v2/74-MFCC.csv,-0.873936776551681,0.6153625714248109,-4.627528391260207,3.992918778782462,-7.799209524708184,5.650150348258168,-3.310041218052462,9.113222167904945,7.884693059900118,7.741896989192127,7.72103235155376,7.997656245866487,7.519677958939536,7.0218952281699165,35.535248,39.08194,35.279274,42.284214,28.79142,43.949837,35.42879,-41.175926,-39.001846,-40.02034,-39.100266,-36.772995,-26.413633,-47.204636,2.7880365005633914e-17,-1.141478238174192e-16
data-v2/75-MFCC.csv,-11.742201938027447,-12.201264004887188,-6.464850370082238,-0.6402987127946671,-9.428266280425353,-10.044491003704172,-8.724900085668844,8.607106093578654,9.01196395093785,8.64572722035579,9.119458404906139,11.500038658788492,9.008426462150954,8.655870037082583,16.994835,25.346138,34.453156,31.893803,25.823584,20.773851,29.25858,-41.83477,-42.884052,-40.170464,-37.909546,-53.653366,-45.689034,-33.66488,0.0003510856950426377,-9.244445571344032e-05
data-v2/76-MFCC.csv,-6.753518166633833,-2.987509550403197,-6.119058215764008,-4.4243685613430275,2.004794429021372,-1.3109981083212687,-2.560390929690584,9.848376464031466,10.56080742381779,10.206766122227133,8.455329990222713,9.719711614736168,10.871564992659648,10.877595866586923,28.65549,33.850445,27.244373,42.90515,44.382698,55.93779,53.771637,-45.371838,-45.18688,-50.697845,-43.704247,-36.72974,-38.992485,-38.14409,1.6277898034992837e-17,-6.290601641598312e-17
data-v2/77-MFCC.csv,1.497984872445381,1.342978891672646,-0.7051848166134623,1.4563681348008348,-1.9081858551354267,-2.2233173705508342,-2.805419728918934,10.570980182445043,10.873592705464853,11.93183325906111,12.789368021173656,13.82742204315209,14.414775500539607,13.731336439904917,65.59598,67.365875,64.81566,80.38222,72.54735,65.264854,49.978264,-39.207306,-37.512115,-47.68245,-37.43283,-47.03549,-46.76436,-67.81764,4.649814586262182e-07,-1.4055384128433125e-06
data-v2/78-MFCC.csv,0.49631168492429584,4.288957370970092,1.6611778089792495,5.182674763091599,1.131813755711116,7.736291008824506,1.0325834670349048,7.901947693366704,7.569352224433999,7.632505202752531,7.9995658376120415,7.919271802072144,8.133713010191077,8.33081088944527,32.781178,37.117466,34.510727,41.70781,38.523895,42.505844,31.343237,-30.06677,-28.818958,-33.227432,-24.904564,-32.42021,-21.411266,-31.421543,5.431686217133709e-05,-9.968591875717728e-05
data-v2/79-MFCC.csv,3.7709618419414372,6.4104272367277915,5.233156888732808,3.8512071277525037,1.7824828311817478,8.19841728189407,-1.3673069715080888,12.380449598717313,15.388073154847653,15.358229287663068,12.999942312653069,11.6078177828399,12.276527816313758,13.883157611279314,54.85208,62.677795,54.449337,49.514816,50.0924,55.51238,59.279438,-34.08026,-46.965946,-44.066677,-36.355686,-40.50242,-32.326492,-45.46151,1.6429364137642776e-17,-5.89552445889057e-17
data-v2/80-MFCC.csv,-4.635287213465689,2.059764316588818,-1.4007200383578073,-3.5034099876528453,-2.330711192704099,-2.421510089547058,-3.07995995650595,10.028608180654532,10.946232521038926,9.202975097396687,9.209225374539816,9.391403824148915,9.093350226684294,8.630545518821732,33.7791,40.541267,37.20517,40.199642,49.53041,42.527187,34.085938,-39.110268,-34.44851,-35.81082,-31.99715,-35.395584,-31.039715,-37.653107,0.00016598146159495117,-6.241750102799708e-05
data-v2/81-MFCC.csv,-1.6775113170202978,-8.008444916127802,2.5307704498465657,3.276211493235322,-6.3412048622887465,-2.722928212379365,2.712648214712512,8.664987365056312,7.606615722149081,8.311769569953755,8.188377819361843,8.519839583556074,7.192998435855353,7.773628269591949,36.6765,18.318108,32.25859,31.505474,29.042877,22.34316,37.899467,-32.04444,-38.56484,-26.449009,-25.773273,-36.100945,-29.087246,-25.801186,2.205708771414256e-06,1.562669729301638e-06
data-v2/82-MFCC.csv,-7.241896413003796,-4.455968939075544,-5.838345985425475,-6.506259561657069,-5.125738647812151,-2.7400246779441866,-1.4739228785031988,8.246952792545077,9.753839259905483,9.042503765079426,8.743314302547729,8.376488554905114,8.708814784866279,9.395472117269879,37.38977,40.992245,38.98423,40.469,42.672173,45.083725,42.39279,-39.93459,-36.564064,-38.799316,-36.32319,-32.356438,-29.099655,-32.496635,0.00014572717184849914,-2.0784763788931454e-05
data-v2/83-MFCC.csv,-5.983606732347198,-6.360024709779313,-6.204991490827899,-8.340878909757937,-4.3975429388904415,-3.612452660509074,-7.790782861514773,9.010854467019579,7.721135265577903,7.696488138885464,7.9610064637047495,7.656383768939131,6.8716870827878065,8.299444654863557,34.520927,32.588394,33.40647,29.23349,31.897736,21.334517,24.821661,-38.261528,-38.662144,-31.502914,-36.518723,-34.330795,-31.651543,-48.13469,-8.365599585704651e-05,-0.00013577297764352813
data-v2/84-MFCC.csv,-10.795080138487085,-6.3581477117667795,-9.746179013366211,-8.464950564955933,-3.82212594155987,-6.610199956419514,-7.960796641179623,7.487152083638481,7.402564945129879,8.138961920015914,7.117229339572104,6.333246475752454,6.949749450129923,7.399440030941599,22.012453,23.56208,26.667122,20.693232,25.986042,33.09885,35.33846,-42.889786,-35.775696,-38.143173,-34.81585,-32.45986,-33.698807,-33.095276,-0.0004933142127551,-0.0003172423312578025
data-v2/85-MFCC.csv,0.024469752860632073,-4.346838759294463,-5.182368587642165,6.201337895531825,-3.5559241961743018,1.410168282618061,6.325120788874291,11.091583815445123,11.450778082769066,13.941093646137086,14.148952165414551,14.644353251484931,12.976485966521532,14.487613271572998,60.554863,55.199852,54.401993,57.90889,52.227196,54.784393,58.33673,-54.473007,-43.638657,-42.207874,-39.620056,-48.48443,-47.150215,-53.759293,1.6980376171058927e-17,-7.079901537451384e-17
data-v2/86-MFCC.csv,-0.7723946769566334,1.2312725603690216,-2.587871137371066,1.9682051845373596,-1.1554211792586868,1.320747424805643,-2.3054745838703687,8.396386945458032,8.226675723552738,7.490289350700364,7.653251779154881,7.299579304263287,7.189101055168301,6.816696063561318,39.405384,37.86754,28.165314,31.33229,27.98655,30.292086,29.09239,-39.91549,-35.535843,-35.449303,-30.213503,-31.975674,-30.455256,-34.182755,-2.821759072996368e-06,1.1132462468507493e-06
data-v2/87-MFCC.csv,2.735632712355158,-8.10887336304419,-5.811838127152985,-2.10518993710722,-2.315753282530592,-6.030785666082724,-0.5487126608489359,8.387565813240924,7.695389420213115,8.545249418350783,9.08523942453085,9.507313605334634,9.426866161799436,8.298840438583929,42.501434,17.011955,27.224926,32.407402,26.475674,36.083397,33.53885,-25.527702,-40.295616,-45.544727,-45.40161,-46.669277,-40.775734,-34.064407,0.00013676143306666985,-4.5544482387670976e-05
data-v2/88-MFCC.csv,-2.74715268667651,0.4892034879733149,-3.9375221281816315,-5.973748734797477,1.2435737556651107,1.0148714957878506,-8.373688574197407,10.877147666710158,9.727791385135538,8.861745169100423,10.323341489819176,9.178856681067606,8.893885158095287,9.329368640014843,56.97322,52.66224,36.048782,41.171566,51.671432,42.35138,33.442722,-41.608414,-39.02188,-38.87359,-42.83372,-35.15182,-30.744467,-48.98333,1.8194500059158263e-17,-6.903339833890151e-17
data-v2/89-MFCC.csv,-2.687238267419513,-1.4832859230820161,-4.267370185436098,-2.847835827437064,-4.908137421843598,-2.5975689635892705,-0.5578532375358211,9.815843495721522,9.54103948236537,10.618276444217624,8.814836527519033,9.660781207275313,11.155570746658771,10.61197103132237,39.970345,31.029745,40.795727,40.17818,44.676357,41.133324,42.94026,-42.65931,-37.202393,-49.266487,-44.33229,-41.55007,-44.819645,-41.585884,8.630940787633613e-18,-4.0785478566872856e-17
data-v2/90-MFCC.csv,-4.567375548716823,1.1234287986130047,-4.709876687115126,-3.0872294412106607,-0.48800255722883584,0.4122014358486692,-2.515186909862578,8.274247937740974,7.358038265685658,8.506684914027637,7.171059523065621,9.013787760173841,6.536253631438653,7.147545988283691,25.348564,24.902906,22.53922,20.199776,36.283264,27.840977,23.694191,-38.83499,-24.72209,-34.072227,-31.740652,-29.9348,-23.484783,-30.10826,6.151799395926249e-05,-3.3723662501151495e-05
data-v2/91-MFCC.csv,-4.0901009481010595,-4.186520353452034,-2.7153339187104555,1.452582461634902,-5.188293419339854,4.026853259852423,2.1429254039735426,10.441679781051203,12.07852660738811,12.530302905001378,13.793447747267884,16.229541113172484,15.363401682572796,14.258329178682871,47.68826,54.210003,61.295006,68.3461,59.629936,62.930504,54.0131,-45.690434,-49.209053,-45.23175,-37.410427,-57.062283,-46.464874,-59.870255,1.4178040131752413e-17,-5.814779855292924e-17
data-v2/92-MFCC.csv,-4.411129757443959,-1.4483898948393605,-5.467108236013614,-16.125844223048766,2.6217337216422654,3.525620486992484,-9.751047133481483,8.071210808812303,8.243948462573817,7.98869100189724,10.068869643182893,7.234874465204433,8.229908319943954,8.744546042850475,22.236858,33.22695,23.07868,28.198837,33.360947,33.930588,27.180939,-38.549736,-34.43883,-38.328564,-48.78531,-24.901062,-30.437927,-48.866653,2.4592047381159597e-17,-9.515075275907047e-17
data-v2/93-MFCC.csv,-9.706371918946845,-7.535380101005841,-11.51281170543394,-9.41116015157486,-5.614646919222689,-6.12255910817799,-5.539266428500526,7.960615630074009,8.643074227266876,7.304992428053061,6.976386758720704,6.531675966239072,6.271014334710958,6.967787131709692,27.84304,33.563103,30.224712,24.8429,27.448029,30.073795,29.40882,-47.6956,-38.698082,-37.87149,-37.807358,-27.127102,-28.176786,-31.20565,-0.00016198996302295188,-0.00042889711878845056
data-v2/94-MFCC.csv,-6.842454953944461,-3.554358917019128,-5.40758199575928,0.3216327663440159,-4.623321899424124,1.7618077400656809,5.644737914775885,11.445553922220807,12.235140635629747,9.906120528232858,9.715053492276223,10.514427327511491,11.730867149494955,11.420931310696778,41.544815,42.997875,33.76656,43.730675,42.911827,42.104908,42.352936,-43.637157,-43.435085,-38.324753,-37.540195,-48.12879,-35.98285,-36.704987,2.4966069600250466e-17,-1.0445562905297783e-16
data-v2/95-MFCC.csv,-0.462541639250489,-4.606019032069598,-7.0193498828902445,-1.939375312259053,-4.143779396888401,-4.202099577365105,-1.5960010471297685,7.864106876322229,8.221517876949791,10.247339983814523,9.416600425144946,10.507523059117245,12.742481973542617,14.845289813795885,34.456905,23.691278,47.06211,38.167778,44.420967,47.405434,62.31122,-28.593437,-37.04667,-50.591293,-39.08702,-34.06479,-46.117203,-43.832737,3.550228835957827e-06,2.339314770230044e-06
data-v2/96-MFCC.csv,-6.330586754971563,-6.020208969661706,-5.474032565806744,-5.3960933104715805,-5.52825193634921,-5.912528723834375,-6.491876932933088,7.850313731117291,7.958264929200618,8.153104990596264,8.757960871928496,9.45394576736482,8.565619585145594,7.3623631948626125,34.76635,29.082653,26.97409,30.863585,34.180603,32.805138,27.944029,-30.549541,-30.974174,-34.789238,-35.575447,-35.45069,-39.446194,-40.361916,-0.00019990296072741436,5.908996498813638e-05
data-v2/97-MFCC.csv,-8.81246232041742,-10.792617157821695,-10.122009595308112,-8.138245215640254,-4.959980110074202,-5.017649538488472,-7.614212417079776,7.177344694871409,7.047067514390765,7.186357957839782,7.650652306654846,7.260291756329539,6.851206739447999,6.851832858070832,30.74067,23.755411,25.836384,35.569054,34.04841,25.78326,31.622843,-46.228767,-40.736015,-35.242363,-40.76567,-39.855545,-34.772964,-34.311638,-0.00023778628576586586,-0.00024543963317174124
data-v2/98-MFCC.csv,-14.112748573745032,10.105463886683836,-7.516578035569207,1.9614908037889995,1.2571091209667855,-5.696105352517289,7.963775670777679,7.9770415986586185,7.308072702379353,6.644140383176587,7.052301633887694,7.774278400746801,7.230081479588774,7.568422570513637,23.460848,44.11544,20.29854,36.13013,36.96154,28.365278,46.87955,-42.242455,-21.109692,-42.693413,-31.769201,-26.916025,-37.5215,-21.677086,0.00011157305777985941,-0.00022486917896013715
data-v2/99-MFCC.csv,-3.1074187765529233,-2.260235733179912,0.3710891790022724,3.996724237532359,-1.6972422214285519,1.984640416356594,-2.0884685233079776,14.035618030502043,15.864207451683045,14.827974260961572,12.877120791038614,12.472071432658796,13.422541332193287,12.789352094570573,57.23074,64.32309,71.88021,64.06519,45.852806,53.64646,43.88845,-55.599632,-45.914013,-51.670406,-41.033737,-59.069027,-58.314304,-68.5031,1.8484954209511165e-17,-7.335519560776918e-17
data-v2/100-MFCC.csv,-3.9137085459355543,-3.554244120367324,-2.9412227861074602,-2.252978077783516,-2.266244156249059,-3.4693339669132492,-5.12753435186778,9.652058450924885,8.54507006877664,8.531825760838489,8.428106885959366,7.5960318796639354,7.025588601204276,7.057501866410372,40.5223,30.572681,31.566456,33.500534,30.695786,34.175606,34.05519,-32.427483,-31.32983,-33.583054,-36.216545,-32.94123,-29.573332,-29.632256,-0.0005029847055412536,-0.0002576878993624591
data-v2/101-MFCC.csv,-4.492607296792358,-0.9556459133464279,-9.290628750917172,1.3443336467693487,-4.568869891121463,-9.240071530448656,-3.2459400001499548,9.479803300043429,9.506873700058076,9.16960353764691,8.93532011278456,9.473901382279076,10.300919351238214,9.323015927932623,38.854984,35.53546,33.53814,39.229015,31.920279,34.296806,40.010246,-47.62403,-40.58477,-46.682747,-42.693222,-41.12125,-45.808327,-32.948586,2.315279541306176e-17,-8.530539834550573e-17
data-v2/102-MFCC.csv,-10.088471588722271,-3.955745905727805,-7.061202920451654,-1.6047991306823828,1.3249884574258914,-3.80963096484089,-3.5651587016541257,10.848242560946034,12.663302572631238,14.299911410437065,14.408731287944352,13.919573472554262,14.727420689540336,14.214078299649657,49.699287,62.124435,56.7576,62.151627,63.991104,54.918617,52.344048,-50.29455,-51.346653,-57.098103,-45.14933,-46.883324,-56.016033,-55.116547,-1.1234617631299298e-06,-0.0003563652668736409
data-v2/103-MFCC.csv,-0.2080276599633697,4.056976177818633,0.19070228970527586,2.8845182931214732,-0.9339502990694583,4.374451036465818,-0.8135781208925325,8.50769262330783,7.863851551604507,7.918217076489155,7.269013993271391,7.453936469442839,8.142597928429712,8.697557976133213,39.00116,40.740036,37.700768,36.093372,42.64644,37.528893,45.752323,-38.97914,-30.163055,-35.286858,-32.87259,-38.21447,-27.70118,-39.330284,-2.6489361931326265e-05,-4.20563646834631e-05
data-v2/104-MFCC.csv,-0.4565926787262441,-2.666836535012236,-6.024030318345439,-1.8722998838957166,-3.870153419791883,-1.5095239612459421,-2.3296057103639027,9.598447050900122,9.326168511728767,10.618602498781224,11.71861174265489,10.290846183700022,9.424118427758486,9.8699356491487,50.907166,41.646236,46.41906,59.37595,44.478928,38.780815,46.52485,-39.23047,-38.05294,-47.19225,-53.25728,-44.190224,-43.90192,-39.532288,7.475733313534818e-18,-3.605651637427964e-17
data-v2/105-MFCC.csv,-5.097301734321644,-3.7497506124885502,-1.8997971311968271,1.9656697758427035,1.0553376354751336,0.7082667462380141,4.073622998330204,12.554697925672945,14.769483822363156,16.87094088096251,17.741536931006294,15.40584383222106,14.492231893603387,16.45877370283488,56.83078,55.191273,66.21144,70.622,61.643158,60.10235,51.351517,-45.7416,-43.381107,-42.669617,-48.516518,-52.32009,-55.153168,-57.601265,0.000248725611784187,-9.94094396507314e-05
data-v2/106-MFCC.csv,-8.435210185083239,-0.26922845517641014,-3.6056006144231536,-1.3091532201236977,-2.2034278288852285,1.664655137505734,1.6030846612157388,9.39553153543622,9.11539350197217,9.210323528066663,10.195381837167908,11.895372564732435,12.876892592714388,10.386573959800632,46.66375,47.794422,39.936646,47.52213,48.483925,55.291573,45.079258,-38.79219,-35.807106,-35.788006,-31.453876,-38.027115,-34.90216,-38.217316,1.9856935405030957e-05,-7.74692397670493e-06
data-v2/107-MFCC.csv,3.816599139642788,-8.305103560185083,-6.6793237650057256,-12.710629458244709,-11.001516941583633,-2.9405429228597764,-8.261320296529853,8.60765894469,7.654028109768776,10.07977812841659,8.340597804757161,10.495431853239264,8.98331016810023,9.345951909268306,39.495068,19.780563,31.505238,18.539677,29.574598,40.32418,26.85099,-29.175062,-44.202843,-40.1474,-41.94851,-43.927845,-29.999802,-39.80654,1.908247954358915e-05,-2.178881071474588e-05
data-v2/108-MFCC.csv,-4.5298018459225995,-7.095686342362718,-4.750848673634279,-4.89915480542019,-2.6173294982660065,0.3029639467010712,-4.18781788109959,9.858427742779979,8.289589201675456,8.783827218384648,8.934868860909047,9.457264432907422,10.041144019897223,10.780220792573308,31.15654,36.839584,30.540905,34.360687,29.590816,40.520214,35.034637,-35.33175,-33.76258,-41.033997,-37.50168,-32.095222,-37.905724,-39.121834,3.087321918135184e-07,2.87964597407515e-07
data-v2/109-MFCC.csv,-4.681725850427552,-0.7963041340821749,-10.888273522658833,0.1135991920546106,-8.707148211773642,0.4966878874813947,2.7704916861189623,8.832496347414478,9.86948213000681,9.942955321859783,10.019336034267958,11.080291542822927,10.174528479324263,10.920322022097153,38.625877,45.41574,40.22536,52.55352,41.719498,40.36874,50.110394,-39.140007,-36.45749,-50.736404,-46.053978,-47.223045,-33.871048,-45.92351,2.5497539754862916e-17,-1.101613613840308e-16
data-v2/110-MFCC.csv,-5.131587568051447,2.3999300943522597,-2.0214970669447596,-0.06986156768984123,0.07879247344248626,-0.900160614188809,-3.80955886282458,10.46839367810102,10.267328599727449,9.945020068507313,9.299801234140453,10.661611569545366,10.0833199816745,8.57355571871044,59.779755,51.000088,43.74396,40.174686,55.930782,47.74331,34.219364,-37.05807,-39.55513,-37.225292,-32.224884,-34.743454,-30.525204,-36.017845,-9.477601611091202e-07,-2.0338710608602788e-05
data-v2/111-MFCC.csv,-5.597562869221383,-8.033307627565051,-7.914481305306429,-6.263791617394287,-8.301330834784858,-8.260034983996636,-6.194607592002456,8.905723382203014,9.61777428828292,9.077332000595487,8.194348544875579,7.57391282611279,6.808135346549608,6.214621980972612,31.060867,37.40216,28.318768,26.86572,24.825428,22.243008,20.201862,-40.076347,-38.18249,-45.979843,-39.18222,-38.531704,-35.626186,-37.078068,-0.0004919363913455744,-0.0002956824987442029
data-v2/112-MFCC.csv,4.542660639694494,-8.63400871110816,-3.2035782836628686,0.8871547611322363,-4.519141879491909,2.1235487712299657,5.150478152644408,10.838969195287115,11.330005458726617,12.136746128003384,11.627055002049882,12.748851917464828,12.37215470837141,12.965388137993298,60.954556,50.516293,57.618073,55.732872,47.502934,48.769135,50.01921,-33.012386,-58.94314,-40.779465,-42.833008,-53.988678,-45.21607,-47.337746,1.1606788752863196e-17,-5.3592015345390995e-17
data-v2/113-MFCC.csv,-5.320268642107927,-2.185936247647502,-2.8662914342734256,-3.4511729214344515,1.4824945346119422,1.4725025312467415,-0.9002433405007907,11.766951046130707,11.56943932008617,11.492329318487402,12.231238009646603,11.00857819749482,9.26315638541568,9.771872145637854,46.47531,53.17252,67.78375,75.418,59.608612,43.826797,59.263298,-48.914207,-65.91063,-66.2554,-45.458786,-37.286083,-35.440186,-42.678127,1.1485418128657854e-17,-4.6252938979109144e-17
data-v2/114-MFCC.csv,-2.7781015283934427,2.3434893769670593,-5.241397174547533,0.7278173919225358,-3.075689974720643,1.1709672740711121,-3.6288269183568787,8.931428600029063,8.101725210831273,8.13670819669469,7.1505592946120355,7.243230541754585,8.358811170456418,7.558321114116227,32.17177,44.665615,34.379066,29.888603,40.210922,39.513763,26.693966,-44.74587,-27.624422,-47.04116,-28.971817,-45.1976,-38.920086,-33.975044,-4.225723626897808e-18,1.5518708711784073e-17
data-v2/115-MFCC.csv,-1.6267556422361922,1.7713381307130496,-0.4508234484988362,2.5277654324937004,1.7010207301848832,4.591745069350353,4.9852122541409445,11.790249495936703,11.401043347975682,11.999970540230075,14.121870031702324,12.349962908878563,12.99314593548032,13.776408296859653,48.48706,56.95717,57.680202,58.971413,50.657455,62.054317,56.35901,-38.065895,-30.701775,-35.392242,-31.099329,-48.822212,-38.888374,-44.471653,3.383965826391476e-07,-7.841439660923396e-05
data-v2/116-MFCC.csv,-6.096501617575731,-0.5163293256266444,-5.165573241509227,-10.603869803826267,0.41633048246355275,0.2658537727818958,-6.877366870180773,8.218353778876919,7.1942572500530275,7.531798344350306,8.59625509381053,8.092882862814234,6.671502451574752,6.66195236034185,19.993885,28.794498,19.143879,17.386738,31.583256,21.531414,15.650684,-36.26828,-28.37387,-33.42396,-39.75515,-31.432297,-22.615955,-37.014942,0.0014884562305015135,-6.132944192970337e-05
