File,feature_0,feature_1,feature_2,feature_3,feature_4,feature_5,feature_6,feature_7,feature_8,feature_9,feature_10,feature_11,feature_12,feature_13,feature_14,feature_15,feature_16,feature_17,feature_18,feature_19,feature_20,feature_21,feature_22,feature_23,feature_24,feature_25,feature_26
01-MFCC.csv,-25.70036474777815,5.0496396532008125,-4.712404052495651,30.908152162003823,4.620913062297108,4.74755850610705,22.10316053333333,19.45210497,9.121604014285715,-168.831,-8.590455284769998,-19.78756162857143,190.9341605333333,28.04256025477,28.909165642857147,4.509996889550185e-17,1.8185471328831394e-19,-1.3639103496623544e-18,3.434907426659255,1.3758546085719596,1.6568547116647583,29.53797633333332,11.21383862544,8.10603797142857,-18.942104066666676,-5.46558825,-7.6937270428571445
02-MFCC.csv,-32.4810110261373,3.4702172781841805,-1.9998447787798905,36.52377055695973,4.734923751453159,3.6494255389522414,22.34804766666668,28.119783580000007,8.201054871428571,-196.42203333333336,-20.360761030000003,-16.134389714285714,218.77008100000003,48.48054461000001,24.335444585714285,2.272844242159766e-05,2.434901278716967e-05,2.1798073100502753e-05,2.912788356677382,1.3455277193637574,1.470842122929142,37.69112166666666,6.85280483,7.66270902392857,-20.201051299999932,-13.06599936,-6.239250591428572
03-MFCC.csv,-23.18483135387961,4.182999189833642,-0.14337551658175057,38.53639132474937,5.8408497313461405,4.3264715416748025,45.39287766666666,28.30211217,18.840013571428567,-162.98441666666668,-14.33549807,-17.462424000000002,208.37729433333334,42.63761024,36.30243757142857,1.0105806442885191e-16,5.081942895129047e-19,-1.0186573035325635e-18,11.710810718416619,2.461928603970206,2.1673915966046877,88.01734966666665,11.461324091999998,10.13582111,-55.680036666666666,-17.77961566,-12.092550114285716
04-MFCC.csv,-70.1908981341009,7.574804925365519,2.2817211974943836,31.73024874430638,5.515024035145677,6.237878889258542,-18.133793666666666,25.801681354,23.211782905714283,-207.4907333333333,-12.0626469,-21.28461808571429,189.35693966666665,37.864328254,44.49640099142857,3.720119035393195e-18,5.580178553089792e-19,2.790089276544896e-19,5.7183338027581225,1.6347148543748133,1.8895961219242845,65.35096933333337,8.880771647000001,10.665462181428571,-20.67711300000002,-15.494853250000002,-15.051551008571426
05-MFCC.csv,-32.35507066082245,-0.37662292662137115,-5.217252091057855,12.87096694458683,4.116467289112781,3.4913898954836964,-1.2129386666666755,13.96693486,11.318745700000004,-190.681273,-15.569461309999998,-19.37727157142857,189.46833433333333,29.536396169999996,30.696017271428573,-0.004591035405128214,-0.00011326193423905442,2.102512791208657e-05,4.837036119977953,1.7319598817546906,1.7558201899649841,35.496013166666664,8.090887689,8.758995157142854,-101.97650073333334,-8.662325862000001,-8.231564649999996
06-MFCC.csv,-29.642355063081105,-0.5846485041609144,-0.9953257037986069,22.764726751655825,5.401418214539964,5.818040919915039,27.65546833333333,17.69980709,20.06789757142857,-179.51981666666666,-17.871738269999998,-19.08711035714286,207.17528499999997,35.57154536,39.15500792857143,0.00019422792479842504,0.00018636416156129568,0.00011375565455513305,4.8964812557803645,1.6559417796271323,1.7788047614289537,62.69279433333335,9.546184729999998,8.275795200000001,-35.73101433333335,-12.322534130000001,-11.723286414285715
07-MFCC.csv,-57.5013233006324,4.386394017303484,-4.3379859196599,27.941228921025203,4.447655089424715,3.8581716177000684,-0.2265533333333375,18.462960400000004,13.075344657142857,-212.03788333333333,-8.583405766,-18.92068342857143,211.81133,27.046366166000006,31.996028085714286,-2.695052768389492e-17,6.935797565708252e-19,-2.2293635032633663e-19,5.169204257271707,1.5032137371399645,1.701390327058186,39.489343800000015,9.019312119999999,11.210756285714286,-18.86429,-8.582684433999999,-10.068513205714286
08-MFCC.csv,-15.127033083003957,4.6628689044432585,-0.13846195190531937,37.70313169279532,4.425144660612268,3.6369017507753876,43.066085,31.22223546,19.114412285714284,-177.09849999999997,-16.049983800000003,-16.60087737142857,220.164585,47.27221926,35.715289657142854,1.9041745565056953e-17,-7.190242465972026e-19,-4.810024270339907e-19,7.0179606834051205,1.8619216941710888,1.788055923806615,114.42396766666666,17.475717099999997,10.693670164857142,-71.48417026666665,-11.277123227,-14.599425075714285
09-MFCC.csv,-44.32102180649945,-3.532214514836305,-6.152933378455802,17.57796006983315,4.8569076743901665,4.065157299721916,-8.464200999999996,13.665181110000002,12.712057628571428,-149.44384833333334,-18.13502005,-19.349785285714287,140.97964733333333,31.800201160000004,32.06184291428571,-0.0035220369683710896,-0.00013164100374504035,8.24534262089276e-05,3.396229429501839,1.468629111531731,1.6293008860822846,50.17393466666667,8.838613229999998,7.541482169999999,-45.753377166666695,-7.98969503,-8.932557257142857
10-MFCC.csv,-4.278950618994201,-0.3197288527858232,-2.406529077349731,23.43654940603477,4.508750493165079,4.660137406212539,42.34708066666667,20.52853094,19.174166714285715,-172.04841570250665,-13.7676028,-15.445440828571426,214.39549636917332,34.29613374,34.61960754285714,-6.397629873465709e-17,1.3257973120530286e-18,7.803778714372399e-20,4.254816876473271,1.5214956920258789,1.7149592204868889,45.92712133333333,9.26993908,9.639806742857143,-44.79836336917333,-9.760678230000002,-11.492676428571428
100-MFCC.csv,-45.048110298268355,-0.6651406320984081,-3.360752286460545,13.505094511926387,4.265273719214056,3.8385983326089312,-7.9247399999999955,17.32792069,14.584817357142857,-191.29592116666663,-14.055999680000005,-15.237358228571429,183.37118116666664,31.383920370000006,29.822175585714284,-0.008450293151642203,3.248202464900688e-05,0.000296655439353102,3.1287773687626714,1.4227932354282367,1.6004735814796311,28.47292200000001,8.0914035,6.461712042857143,-77.17285496666659,-5.934084052000001,-8.417835328571428
101-MFCC.csv,-48.912412435519734,4.372116081200474,-4.349918533715226,26.467807313704636,4.452316891853856,3.8514873877263205,9.045934999999997,18.6065017,13.473348728571429,-202.75396666666663,-9.17498568,-18.01756057142857,211.7999016666666,27.78148738,31.4909093,4.5343636294587675e-17,2.485944972290991e-20,1.1031380814541272e-19,5.169177318940256,1.5156411897792188,1.7044576198392285,39.30229499999999,9.715030883,10.565507782857145,-20.050610000000002,-7.9498932400000015,-9.84196207142857
102-MFCC.csv,-64.45502392082142,0.057609556662839075,-4.108574393521872,20.78750723194804,6.625312738393355,7.439477837014028,3.935797333333338,20.426693971,26.66430324285714,-200.25536666666667,-27.9078232,-26.636041428571428,204.19116400000001,48.334517171,53.30034467142857,-4.102791673550621e-17,-1.662010515905923e-19,1.6887213991972682e-18,5.481883552622138,2.172407087236642,2.2180446093922455,85.73096693333333,14.666895469999998,11.239820842857139,-57.83718766666669,-14.357288120000002,-12.514945857142855
103-MFCC.csv,-30.056800391478724,8.670185845430728,1.3644416738836913,39.244862112668315,8.305519996719692,3.740892099269896,41.40167066666667,34.1463799,18.618157571428576,-166.96955966666667,-20.05049136,-13.892608162857144,208.37123033333333,54.196871259999995,32.51076573428572,1.562452435534391e-05,1.707007018575024e-05,1.6320462740587215e-05,8.761347321706294,2.016155238328233,1.6889581442441972,103.19928300000001,12.978266166000003,9.315281364285715,-69.47818766666668,-18.979502700999998,-11.378425199999999
104-MFCC.csv,-19.029085270120788,2.5257227519545586,-2.675577501054486,23.35317213466706,4.203368973513252,4.595315568538831,32.48173,16.8784461,24.2824325,-169.25186,-16.70630917,-17.897422114285714,201.73359,33.58475527,42.179854614285716,-6.60834668845671e-17,2.8817353016928707e-20,-5.942057016448398e-19,5.853011626335731,1.5347120064786883,1.721547991122026,41.39727533333332,10.443208565,8.925397307142857,-27.811185666666667,-10.05642326,-16.003676699999996
105-MFCC.csv,-56.36805012948504,-1.4703751975778745,-0.4205646174458469,19.344014059696267,7.508789297959476,8.627029619228258,-15.385792333333336,16.68218698,31.4729687,-192.37168333333327,-29.8422771,-26.16336614285714,176.98589099999992,46.52446408,57.63633484285714,0.0,5.453276919568813e-19,1.2831239810750149e-19,4.708245094699003,2.0339268034465467,2.2041066773184013,32.167616800000005,13.003284244,10.648548642857145,-44.13947648000001,-13.29097796,-10.580066647142857
106-MFCC.csv,-29.814591928129442,-0.4990986496218031,-1.7935543578529025,21.201930795774686,4.879506479553419,5.729103039414723,12.736442333333336,15.57863777,21.82811245714286,-180.92458,-17.654662639,-17.36406704285714,193.66102233333334,33.233300409,39.1921795,0.00011812216841314701,0.0001274923617083446,0.00011721413840198979,5.780337104393716,1.6644500280523415,1.7526855357419473,40.81482633333333,10.727306660000002,8.1236303,-30.573100116666662,-9.780397997,-12.75265044142857
107-MFCC.csv,-34.63901932171134,1.204387117975756,-6.583119686395158,31.507051633379483,4.045574364553135,5.125386675655486,29.536424333333333,17.0694280045,11.540536585714284,-188.6833333333333,-13.20581195,-20.793467142857143,218.21975766666665,30.2752399545,32.334003728571425,1.5125779940895175e-16,-9.0549082788959e-19,8.910798332812675e-19,3.703953999003156,1.4275913013276513,1.5445146503027243,79.26411370999995,8.97078818,7.229298062857143,-26.385214666666663,-7.84128133,-6.434996771428571
108-MFCC.csv,-23.632592870969734,4.748614846183762,-3.968239300000617,26.546020218455997,3.5490130333712857,5.187200477927181,24.339138666666667,18.975906,13.205611371428573,-158.61465333333334,-6.702219309999999,-20.432151342857143,182.953792,25.67812531,33.637762714285714,-1.5500495980804978e-18,-1.4531714982004668e-19,9.627261175578092e-19,2.8843537928153284,1.352798258882794,1.4990175937350496,23.170083,8.424445055,7.275916762857142,-11.697490053333325,-6.2078064699999995,-7.989564838571429
109-MFCC.csv,-51.99123633249338,2.493187857177134,-3.098953279041004,25.74932523496773,5.053437779463983,5.105350597248103,7.75792666666667,27.049144907,22.245615428571423,-195.80088333333333,-14.919110160000002,-24.24773106714286,203.55881,41.968255067,46.49334649571428,3.4406324695646816e-17,-7.330893045947475e-20,-8.471254186428193e-19,7.954827632005898,2.086262776758977,2.0426713947610127,96.7683943333333,13.383282043200001,10.3650463,-29.831382666666663,-14.79877762,-19.92928688571428
11-MFCC.csv,-39.9375074176742,5.5160613647298335,-3.285171991495493,25.913093858893824,5.425194553198476,5.273600139063105,25.73979033333333,21.82928673,24.786824857142857,-181.9339,-12.25303966,-17.967235285714285,207.67369033333333,34.08232639,42.75406014285714,-1.3305762191021766e-16,1.3155414595642989e-18,-3.2007593547434953e-19,6.011803317868806,1.8086106870022225,1.8897887042032804,75.45799608333331,10.9985787905,10.949171037714287,-22.995367,-9.607305233999998,-10.943110312857144
110-MFCC.csv,-47.11005065948399,3.6607212438827164,-1.3505633017006649,29.375399434593184,3.750146269757345,5.105717910240949,1.169283333333335,18.1796747,22.20253811428572,-201.5123333333333,-10.43554391,-15.55811532857143,202.68161666666663,28.61521861,37.76065344285715,0.00012785423698723902,6.735418753072255e-05,2.159919541911532e-05,5.0939084293511305,1.6098190148742328,1.7730797736527755,49.43661533333335,8.311685780000001,9.502671575714285,-22.91648566666666,-11.803119535,-11.11700687142857
111-MFCC.csv,-42.18913103668368,-4.890450350438171,-7.223588118610133,18.972391909917288,4.889960613179286,3.8251261230608202,1.0527879999999996,12.64264536,12.442113114285716,-197.5542,-19.061008930000003,-19.743476285714287,198.606988,31.703654290000003,32.185589400000005,-0.005616085834020321,-4.072971145918702e-06,0.00038830391120009384,4.294430995505747,1.5299951376012244,1.663067409679889,25.938210333333352,7.3066201899999985,7.6404593728571415,-100.818238,-8.30892502,-7.437274700000001
112-MFCC.csv,-33.412442816203104,3.2016297159646223,-0.5218409356516808,25.819783633752735,4.171499355675532,4.932007848682986,9.037551666666664,19.991648900000005,26.53785285714285,-182.45453333333333,-12.69506523,-15.824694477142856,191.492085,32.686714130000006,42.36254733428571,1.2436570637574683e-17,1.1448770105163152e-18,-1.501942612806057e-18,5.34435513624283,1.7408606824997555,1.861972400564305,63.34873966666666,8.687848030000001,11.745325994285714,-23.26230333333333,-7.91724806,-7.803707421428573
113-MFCC.csv,-31.56299329651719,3.3776402649703487,-1.6812736457293758,27.24122665163475,5.470260356446865,4.6711826093542435,29.16502033333333,25.45463651,23.986861571428573,-184.57468666666668,-20.592279614,-19.52908171428572,213.739707,46.046916124,43.51594328571429,-1.8613764672276768e-17,-1.8816173642002751e-19,1.8816173642002751e-19,5.059728619113535,1.6691386634321999,1.6913500423496834,48.421010333333335,7.54962461,8.862442091428573,-20.265141333333332,-11.845715720000001,-9.965455657142858
114-MFCC.csv,-5.875245766840983,4.95008412773406,-1.497391650436819,30.033972251078364,4.962316672276162,3.588553102968194,51.8351542,24.25437848,11.926428557142856,-162.88668666666666,-25.1899933,-18.029461285714284,214.72184086666667,49.44437178,29.95588984285714,-1.9113456241024888e-18,6.579583325157493e-19,-1.4792396553722874e-19,3.7023409789694504,1.2265663004577634,1.4404598419053478,40.86486066666667,11.3640039347,8.770353742428572,-30.109586999999998,-8.36570385,-7.338434314285713
115-MFCC.csv,-39.97014775079247,2.456958824569749,1.9285003608782647,20.572874753312266,5.630183149602256,6.682701127270236,7.06691533333333,18.70040912,27.731053714285714,-180.07123333333334,-17.56352277,-14.822491485714284,187.13814866666667,36.263931889999995,42.5535452,-5.907387158223055e-17,-2.760461288889278e-19,1.380230644444639e-19,4.790925732625776,1.4453250203841674,1.6997719442702324,37.067659333333346,8.147410780000001,10.170170385714286,-29.255873333333348,-8.353289525000001,-17.933974371428572
116-MFCC.csv,-103.71997801160738,-3.394422026187576,-4.082493800496171,29.63630401976667,5.513361341084213,3.287051811249389,5.231896666666667,18.359223,7.128598114285714,-219.99517666666668,-20.18317874,-14.610190157142858,225.22707333333335,38.54240174,21.73878827142857,0.00473601494371528,0.0008612445590620853,-3.073769861166815e-05,5.170207254168774,1.5836069322849027,1.5805236786663501,101.49145113666668,9.23018569,8.159237122857144,-47.24127550000006,-8.04585504,-7.431886199999999
12-MFCC.csv,-47.98660043121372,5.740845887277932,0.7470811605436034,32.45488897622851,5.89060408734373,4.803886284178319,9.888974333333332,28.65974271,22.97695319714285,-201.6252,-15.188178649999998,-15.90470557142857,211.51417433333333,43.84792136,38.88165876857142,0.00021982956489492386,0.00021380149679235395,0.00013987776951707552,7.50520561438917,2.1091042002327995,2.0757227130861136,70.69861900000001,9.014419352999997,12.056940699999998,-35.41605066666666,-18.076706208000004,-12.874620528571427
13-MFCC.csv,-36.28286613575077,4.256088141333885,0.795255060215578,21.937898899965063,5.288293270576223,6.320860454860534,19.2624435,22.92834506,23.94183421428572,-180.2048133333333,-16.678954676,-18.767667628571427,199.4672568333333,39.607299736,42.70950184285715,-4.091499569475665e-17,-1.0298014840151747e-18,3.596044543484471e-19,6.238347426796362,1.5539131349746773,2.036989798790747,43.57234,11.341451310000002,11.663976577142856,-32.09722,-9.06713331,-13.315741065714285
14-MFCC.csv,-38.070890688921814,3.835645923628064,-4.051260542483596,25.414766101845387,4.518651327656495,4.478691891854409,10.146116666666666,20.23455395,13.588815785714289,-179.12143333333333,-11.04223323,-19.23173092857144,189.26755,31.27678718,32.820546714285726,-0.011566093253483267,-0.0006245025018332961,-0.00022978417257394506,5.566654253214127,1.7058221666886575,1.704789236494638,120.42211166666667,8.930432089999995,8.719991585714284,-158.44028866666667,-9.16924929,-9.79110951857143
15-MFCC.csv,-32.611519710727684,3.6724225998064157,-0.25758511796664224,21.33776356101128,4.196368193160838,5.74386185015111,8.188753999999996,20.13840417,23.51064271428572,-190.69421333333327,-13.775089390000002,-17.108028342857143,198.88296733333326,33.913493560000006,40.61867105714286,0.0007194377999027393,0.00035334828556027645,0.00010307749497658121,3.9578720715943896,1.4385318590897527,1.611952189789543,45.41457833333334,9.73690773,9.146846385285713,-19.608227999999997,-12.099882762,-11.897358614285713
16-MFCC.csv,-59.512822425998046,3.8324286470711804,-3.5814557305798234,61.97425889177338,3.9859609646003524,3.78910545363077,19.9915741,15.558605749999998,8.673536771428571,-194.83076666666668,-23.4648423,-19.54524521428571,214.82234076666668,39.02344805,28.21878198571428,6.2284601662000365e-18,1.5571150415500091e-19,-1.012124777007506e-18,2.8570083245707334,1.2347943645273791,1.3856931686560452,55.52981900000003,6.266334223,8.14023347142857,-12.00669633333332,-8.479770029999997,-7.1104787
17-MFCC.csv,-32.522335013445314,6.029149762859856,-1.7511754609753232,41.61487575626282,6.17434423170728,3.7761986051275955,32.278075166666675,27.08403913,10.062006029999996,-176.3494466666667,-9.31992262,-15.047571871428572,208.62752183333336,36.40396175,25.109577901428565,-1.5483638184296466e-16,-4.439116451919858e-20,9.322144549031703e-19,3.105203682254416,1.3294044927705104,1.4802266203205725,32.423344666666665,10.10766761,6.269859328571428,-18.256042333333326,-7.940087590000006,-8.0076608
18-MFCC.csv,-34.2483840478994,-2.74588274641971,-5.264817656190231,17.06822808306365,4.018541872644557,4.071696537029246,10.145780000000002,10.55653409,14.352155142857145,-192.0824,-20.1566455,-18.218889285714287,202.22818,30.71317959,32.57104442857143,-0.007896925981691153,0.000993353369067692,0.0002448305008259614,4.985479906282532,1.6341540064449374,1.927831816028411,46.61584500000001,7.970673929999999,7.957475985714286,-57.58606266666666,-7.596494153999999,-14.948228454285715
19-MFCC.csv,-77.07445545742986,5.451170699556604,-2.2078490418611807,25.71496034261721,4.824059636422523,4.824594475688349,-17.518854,20.36679493,18.45410462857143,-214.68656666666664,-10.63280806,-18.282470785714285,197.16771266666663,30.99960299,36.73657541428571,-9.131585749474867e-18,4.390185456478302e-20,8.780370912956604e-20,6.409998984950385,1.8355637580506245,1.7898636282873026,51.902567999999995,9.78011793,8.637564682857144,-24.54397666666668,-10.98863721,-8.021133657142856
20-MFCC.csv,-26.473865813096108,8.618274801862848,1.1925667926879837,31.053259354397262,5.87304367275469,3.492621049744986,48.78215866666667,31.58509602,18.148037242857143,-172.46436666666668,-10.64645114,-13.629282857142856,221.24652533333335,42.231547160000005,31.777320099999997,0.000174409015369745,0.00018955081804914502,0.00017818477103301344,9.570041474566718,2.2766485134879524,1.7655648512711666,129.96051599999998,13.119318289999999,8.200366697142856,-26.236913333333337,-29.594413915000004,-10.707564399999999
21-MFCC.csv,-53.57594088065618,7.8486643351002225,-0.8981697899439821,27.946916038247835,4.475487190420067,3.8713622659970306,2.493432333333336,22.92204524,17.123931555714282,-199.79853333333327,-9.85504063,-16.938101142857143,202.2919656666666,32.77708587,34.06203269857143,-5.102555216532263e-17,3.567243443216736e-19,-5.96791445493766e-19,5.869100563094684,1.7242874777119093,1.6120476563817545,48.229759333333334,9.934424976,8.604367784285714,-24.403543333333328,-13.84494955,-9.902192232857143
22-MFCC.csv,-38.12088729754391,5.002962355618727,-3.190565475310327,29.398975015632562,4.9976429128016315,4.673020646161018,10.300836666666664,20.50218406,16.71979277142857,-198.8432833333333,-13.56962735,-18.22859171428572,209.14411999999996,34.07181141,34.948384485714286,1.2760644948153078e-17,0.0,-1.1288713936210787e-18,5.257556225216082,1.6459093024800988,1.6978448668334027,46.26270198333333,10.496079909999999,8.278763857142856,-22.393603333333317,-8.219078915,-9.268740042857145
23-MFCC.csv,-28.34435361761426,1.4609280370286037,-2.7067964789691366,21.82674575688522,4.659117595973709,5.481734185119742,28.375873333333328,16.77005947,19.941322500000005,-172.05826666666667,-16.461075400000002,-17.170702,200.43413999999999,33.231134870000005,37.112024500000004,-2.1045972858896554e-17,1.0961444197341955e-19,5.41221307243759e-19,5.213171492745711,1.6541278507998864,1.7983786815849732,90.32194953333334,9.596070828000002,11.920393285714287,-27.33028800000001,-16.3256529,-10.132229665714286
24-MFCC.csv,-37.443392085539685,6.01173174994461,-2.340374970269594,32.78962056549551,4.69288714123349,4.153818144672421,24.08298533333333,27.9698806,16.93815657142857,-190.7231333333333,-11.489926058,-17.405310142857143,214.80611866666663,39.459806658,34.34346671428571,6.068652037542363e-17,-1.2678103564849653e-18,-5.486090686318734e-19,5.840507106534162,1.6730043643162802,1.6940951159274917,50.073310000000006,9.4714525,8.147354104285714,-30.509412,-13.749110680000001,-8.847529321428572
25-MFCC.csv,-59.11613256759081,0.5841634583752116,-6.0859037789013515,26.419491826797273,5.412843249231598,5.0192815758818945,1.6723766666666673,19.53895322,13.39188165714286,-197.5510333333333,-20.07714749,-22.58266671428571,199.22340999999997,39.61610071,35.97454837142857,7.670762558135595e-19,-2.3971132994173737e-19,1.1775819083387847e-18,6.421204088798406,1.8372037349550743,1.8761268289453596,56.20131666666664,12.184698438,10.076934842857144,-20.36970333333334,-12.434627899999999,-9.053623292857145
26-MFCC.csv,-22.226714826897684,-4.282728556410227,-2.789748579723381,14.935246011344361,4.427539551405791,4.505956880942668,13.742377900000005,10.61731734,13.319795442857142,-188.9079,-22.05595255,-16.46897807142857,202.65027790000002,32.67326989,29.78877351428571,-0.007628156770130445,0.00024949730966036907,-4.965249180643803e-05,5.40133266888285,1.9164295164806073,1.999053425813234,38.73333689999998,13.3341169,10.48175767,-98.93656883333334,-9.051761579999999,-9.812432781428573
27-MFCC.csv,-47.20458591143172,5.748968537235608,-3.379185952405655,31.526987752338133,3.909525351065493,6.612045485921926,6.597875166666673,20.9845149,14.181206057142855,-176.07565895333332,-9.623387444,-25.074587557142856,182.67353412,30.607902344000003,39.25579361428571,6.885104028683141e-17,3.8250577937128563e-19,-3.944590849766383e-19,2.364089008803006,1.1685753828769838,1.342795501667015,16.310505466666672,8.092514920000001,6.36021262857143,-11.956945633333305,-5.438706782,-5.4676572142857145
28-MFCC.csv,-37.02996514760091,-4.124031902695369,-4.8221343257094,15.491545139493327,4.601509588536851,4.7916519000950695,3.374431666666659,12.406908006999998,14.992561628571426,-186.0067,-19.58808586,-18.94569251428572,189.38113166666665,31.994993866999998,33.93825414285715,-0.005315377729291441,-0.0001187628229887185,0.00039581492568988307,4.753162997445708,1.700291771813175,1.8176625493332532,41.335985233333346,7.589710333999999,8.479029012142858,-84.84490496666663,-9.78781948,-10.213976371428572
29-MFCC.csv,-44.075408847997,-6.946321464892175,-10.259805670519214,22.00801286461445,3.488080792585926,3.5828705614303007,-9.729003999999998,5.675276259999999,4.738854628571429,-186.60973020000003,-18.35479584,-21.605886,176.88072620000003,24.030072099999998,26.34474062857143,-0.0055038921581719745,6.936681560204692e-05,0.00011860423929286802,3.4441816264272993,1.4620750056526752,1.5664089968471169,45.20655333333333,7.876383489,7.5605416000000005,-13.860519333333336,-9.10831615,-9.798834307142856
30-MFCC.csv,-48.10800450836169,3.611674591669236,-3.0689068855230928,24.78945355922482,5.094699700710324,4.410492001805955,8.111586666666662,21.73592857,14.343251971428572,-182.09332333333336,-14.50269764,-22.072550857142858,190.20491,36.23862621,36.41580282857143,6.623177263129392e-17,8.835676978051733e-19,-6.283148073281232e-19,6.918889275466684,1.8104155904634958,1.805254337957988,72.17531533333333,11.691372498,12.195215714285716,-25.542157666666654,-14.799280999999999,-11.956376685714286
31-MFCC.csv,-38.86509011979246,1.2103250927968618,-2.3671005859591414,41.82640877097681,5.754250298929255,3.4062229131651067,18.119164,13.172603,12.217872785714288,-204.3874333333333,-19.893061640000003,-14.21314227142857,222.5065973333333,33.06566464,26.431015057142858,5.651745770936794e-17,4.543781801670661e-19,-8.317431094583581e-19,4.192248392233004,1.3905013696883521,1.5506163584138217,70.93169133333333,7.462475530000001,7.370208732857144,-37.275745933333354,-8.13682184,-7.361636771428571
32-MFCC.csv,-37.144693242958475,7.746478085302422,-3.193172870571808,29.676221130362876,6.077115681055936,5.528668299165908,31.61901333333334,29.37589807,30.938388142857143,-186.45261666666667,-13.339741809999998,-25.29581242857143,218.07163,42.71563988,56.23420057142857,1.4301866593524432e-17,9.757621162219039e-19,7.494386325308768e-19,5.975677834473074,1.867730631458834,1.7386442596023095,76.01822976666665,14.999346702999999,11.171275948571429,-26.175812,-11.934712563999998,-10.613616442857142
33-MFCC.csv,-61.66870073515287,4.1293115082694785,2.6526572064968357,25.741468533677132,5.685670273451519,6.969428295601876,-3.78396333333334,20.609913400000003,22.68203,-188.51896666666667,-17.06737082,-19.013793714285715,184.73500333333334,37.677284220000004,41.695823714285716,2.6010392997247424e-17,9.712060804349049e-20,-6.2007772827767e-19,4.72534842527817,1.5847128486163122,1.6632908513562477,37.53046733333338,10.297990246000001,12.293088514285715,-27.135653333333334,-10.350220590000003,-9.871667800000003
34-MFCC.csv,-48.78346542230727,-1.3675639154669734,-2.28486378583465,40.7165454225864,8.65796413846593,5.087153413255409,31.75259073333333,22.44410347,23.698103714285715,-193.58373333333336,-31.8519086,-17.001617285714286,225.3363240666667,54.29601207,40.699721,8.222632916972228e-18,4.468822237484907e-20,-1.2708213237847703e-19,4.342626356354522,1.4270306683242633,1.5503354145178951,52.221653666666676,11.774726529999997,7.368555242857141,-17.68454333333333,-10.0121558648,-6.860890697142856
35-MFCC.csv,-22.711848837488564,5.538201669878801,-4.277140847410579,27.739430168317764,3.8261181910811417,4.750297349771183,25.415088000000008,16.455355399999995,15.000287014285716,-188.12656666666663,-19.134389555,-22.7874234,213.54165466666663,35.58974495499999,37.78771041428572,0.00010184167753614767,0.00011040512500000034,0.00010293215419254599,2.9535759649096587,1.22384171698664,1.411688976865384,69.3290148,6.691177410000002,5.6708437428571425,-34.7430966666667,-8.279943006,-6.880862159142858
36-MFCC.csv,-33.5343168327483,7.39045046195856,-3.2983474751243085,22.89351061993984,4.468214219074795,4.526167076015037,7.929420000000003,22.83326291,18.262470785714285,-190.61938333333333,-9.926774839999998,-17.82773457142857,198.54880333333332,32.760037749999995,36.09020535714286,1.1216825215399275e-17,-5.3927044304804206e-20,-9.167597531816715e-19,4.343502451989793,1.5382505334322223,1.6958938392953953,47.86411533333335,8.689166118,8.1013423,-20.20600666666667,-11.526029304000001,-10.562834352857141
37-MFCC.csv,-36.66813636138042,4.5631260383832535,-3.882673234697789,28.48763584855621,4.966423651760646,4.178673208614088,23.77894333333333,21.15964926,12.703207471428572,-182.64742,-13.2191799,-20.15216821428572,206.42636333333334,34.378829159999995,32.85537568571429,3.6608360457326035e-17,-6.303078050442928e-19,1.783984135431217e-18,6.009736190020423,1.6457190710453649,1.7137931226397387,69.03326466666665,12.094889368,7.5104140571428575,-22.583748000000014,-8.07899144,-10.423888385714289
38-MFCC.csv,-36.29495022529523,-6.767401669450609,-4.330685498252183,24.546028795348082,5.722270547502015,6.527148579037759,2.8258205333333364,10.2655645,22.45801839142857,-183.86489,-32.9702608,-28.312574857142856,186.69071053333334,43.2358253,50.77059324857143,-1.0092936587501423e-17,7.148020647058583e-19,-9.30785422386765e-19,3.9799026253210292,1.8997715996599969,2.029391377278238,48.945943666666665,14.621416320000002,9.68337908142857,-22.955405666666657,-10.250159949999999,-13.849599785714286
39-MFCC.csv,-49.19634997016946,2.7795952237433643,0.24383830098316503,26.064477803257468,4.617990616584878,7.24129761213908,3.0687090000000032,17.71460488,24.174153142857143,-186.37618,-15.301717299999998,-19.94998714285714,189.44488900000002,33.016322179999996,44.12414028571428,-1.4094780055917974e-17,9.334765635824438e-19,1.004753051794618e-19,6.186106172766811,1.741989037787637,1.829829925441585,66.60452833333336,9.047609894,9.462753677142853,-22.156873333333326,-9.178971530000002,-9.211061714285712
40-MFCC.csv,-43.30111190079433,2.4324475721390546,0.13518249395106346,29.298907548272084,5.589078456312481,6.0982407383282045,5.782795000000003,20.0929198,21.1101026,-194.26046666666664,-17.991940699999997,-17.749938000000004,200.04326166666664,38.0848605,38.860040600000005,-7.667727364317628e-17,-3.705607425163517e-19,9.523219082285516e-19,5.216279399919596,1.7279783133206739,2.0064168169264516,60.186976333333355,9.84464679,10.295394542857142,-23.442620333333345,-14.555342702,-15.005106077142857
41-MFCC.csv,-26.679563587441557,4.447941693992442,0.056194783854330056,27.391849220085664,4.458192028176188,5.545346754783876,21.07508533333333,17.623821,22.623425,-181.6129566666667,-12.00033013,-16.451792214285714,202.68804200000002,29.62415113,39.075217214285715,-8.42274461545875e-17,5.263187217594402e-19,-7.958013101031583e-19,5.45320386892147,1.7445977483752446,1.8117203726675262,95.69665863333334,8.454450819999998,9.740409324285716,-21.78026766666666,-8.784765886999999,-9.975147892857143
42-MFCC.csv,-36.78820173585962,0.6833868207337568,-2.038045175678469,30.064420284769277,4.3915531419044,5.841440207486292,17.487812,15.313142557000004,17.530651514285715,-184.3862333333333,-13.291364519999998,-20.12054708571429,201.8740453333333,28.604507077,37.6511986,-6.685425341997843e-17,-4.9157539279395905e-20,-1.1859256351154263e-18,5.67092435937449,1.5626922209929373,1.810743823116338,49.43216766666667,9.419530457,9.29592787142857,-27.097138333333334,-7.7391684199999995,-10.967879857142856
43-MFCC.csv,-45.15043939167148,2.596969760017785,-0.13250132924485997,27.014309688988764,4.448547348603065,5.22039819125034,10.227963333333332,19.7476527474,20.47690142857143,-187.09976666666668,-15.49041443,-16.057375142857143,197.32773,35.2380671774,36.53427657142858,-2.690044299875053e-17,-4.638007413577677e-19,-3.224864529753229e-19,6.018943184165438,1.6065953685950602,1.77216441948899,89.18373666666668,9.59409086,9.056017943285712,-24.294956666666657,-21.8416390356,-11.129422985714283
44-MFCC.csv,-29.42204700002481,6.668452455526155,0.6026776838231459,35.959187483778194,8.941005658222755,4.58385839291086,43.568681,33.966066,17.556067185714284,-175.97813333333332,-17.34441753,-16.11744275,219.54681433333332,51.31048353,33.67350993571428,-2.95288442300701e-17,-3.198958124924261e-19,5.044510889303643e-19,10.515924343919686,2.4396557383271302,2.198720141204327,161.14754866666664,18.74117617,11.53860153,-38.283593333333364,-25.93815806,-18.525047942857146
45-MFCC.csv,-13.487854461969297,5.164984543719503,-0.03764704652506907,44.21273431842106,4.31515517842211,4.018664579801751,49.67170066666666,20.78530419,19.73788385714285,-161.77696666666665,-17.1812465,-16.47339159428571,211.4486673333333,37.966550690000005,36.21127545142856,4.996955774642214e-17,3.6817001388369973e-19,5.260705155277865e-19,3.166334148833466,1.2707298949056867,1.5186026533300339,31.43686566666667,9.54576494,7.338567775714285,-18.551249999999996,-7.764779185,-8.1537593
46-MFCC.csv,-46.18662150399848,0.8754581604630367,-5.655475295631586,19.410716623984417,4.351037203137955,3.3569493696449157,-4.011496666666669,18.85917517,9.28140357142857,-183.818249,-16.47365274,-16.461936514285718,179.80675233333335,35.33282791,25.743340085714287,-0.0021974393435351494,-0.0001270112197826553,-6.048635535278785e-05,4.969618236918094,1.5952853013269845,1.6780914956321997,49.88068606666667,9.076340735,8.362241057142858,-38.58417900000005,-8.857710821,-9.334829271428571
47-MFCC.csv,-16.633856790773823,-0.3827991778892197,3.724147171761188,23.096918679486834,5.401551170389628,4.668298851694924,41.250888,20.098821750000003,18.123902038571423,-168.97975666666667,-16.824852387000004,-12.915418100000002,210.23064466666668,36.923674137000006,31.039320138571426,8.285712870257311e-17,-2.2321424758236288e-19,-1.2857140660744102e-18,7.661632703504431,1.9730071045677302,2.1156283304139514,84.27590566666666,9.082319799999999,10.934919342857143,-33.289378666666664,-19.53015389,-14.179127197142858
48-MFCC.csv,-39.08720592481651,5.448268683771751,-1.959559085906398,22.769732128074622,5.116374031645993,4.24369528716106,16.631570000000004,21.99654696,15.547447542857142,-195.94159,-12.04888278,-18.41822485714286,212.57316,34.04542974,33.9656724,9.425670881659152e-17,-1.273739308332318e-19,3.8212179249969536e-19,4.53081224721937,1.661415625793374,1.6040104069296075,44.04692283333331,8.92610388,10.224208667142857,-23.340179333333335,-9.44376634,-8.696814877142858
49-MFCC.csv,-48.90705249153114,3.697569430651265,-1.6577233867719312,28.676839743542946,4.4168239947845676,5.629978661730729,10.445196999999997,21.56409663,19.60716627142857,-199.18096666666668,-13.47001535,-19.171945,209.62616366666668,35.034111980000006,38.779111271428576,0.0,-4.63975081767545e-19,-3.612071033329e-19,6.007128395050968,1.750764678840941,1.8899590746969623,131.92406866666667,10.01095997,10.808397362857143,-24.35092466666667,-15.656962925000002,-11.26839200714286
50-MFCC.csv,-35.990869865262155,-5.702652988969297,-5.219651924641099,15.147961583514741,4.37048379403161,3.612209966145077,4.227236333333334,8.3338770826,11.463158285714286,-112.54700966666664,-21.873128450000003,-20.066813,116.77424599999998,30.207005532600004,31.529971285714286,-0.0019656505380624433,3.1765476692805866e-05,0.0001390973130050546,4.040289626797962,1.6367460633246955,1.6508614075788057,51.919075,10.000175255870005,8.436436388,-38.480034333333315,-10.207269672,-6.969963828571428
51-MFCC.csv,-41.40605311830269,0.989153252480947,-6.612129805931238,11.585272129352456,3.9800577223780738,3.4104954006137476,-6.6000099999999975,14.803116,8.100810985714284,-188.43432455,-14.4973312,-17.418158285714288,181.83431455000002,29.3004472,25.518969271428574,-0.009790934650829608,0.0003586591708601963,0.0003152627657049921,4.479424883121524,1.6831315671340632,1.745836374146773,28.71891666666668,8.21034815,7.331555468857143,-106.10652921666669,-7.3927450100000005,-12.4281584
52-MFCC.csv,-62.45600314163853,0.2611984641970362,-0.923480168708908,30.295886691371134,5.081124236646373,5.03350560960238,-7.159166666666667,15.350543628000002,23.572380857142857,-218.6956333333333,-24.9359373,-22.05308157142857,211.53646666666663,40.286480928,45.625462428571424,-6.827521928012636e-17,-6.321779562974663e-20,2.844800803338598e-19,7.4502690707128645,1.754086852001037,2.0040304634283745,90.00969866666662,11.887880013,17.789793189999997,-37.43959466666665,-14.12887684,-12.162443685714285
53-MFCC.csv,-1.0032196601549992,7.531613810176977,0.292471266971276,25.318462685353904,5.61280546854051,4.237509974376267,35.602206,24.42605891,21.06687971428571,-166.02881,-18.8043649,-14.497540514285715,201.631016,43.23042381,35.56442022857143,1.2675587551022195e-17,-4.436455642857768e-19,-4.3200977102604945e-19,5.102122944392543,1.524768781968431,1.7248089458094755,98.53523329333332,14.325530976,8.700937542857144,-20.172173666666666,-12.707940979999998,-12.181982205714284
54-MFCC.csv,-40.39357331572562,5.477857905234675,-3.2711018387972146,25.516212685875086,4.8849095119660015,4.440144706206359,7.611493333333335,20.89606411,15.093505785714283,-190.8057333333333,-10.655880441,-20.128367285714287,198.41722666666664,31.551944551000002,35.22187307142857,-8.710457189775881e-17,3.195337500593659e-19,-8.808482982735125e-19,5.411541864538079,1.6395906784888026,1.6402183625980056,40.298536999999996,10.490204702,9.769770942857141,-24.03616866666666,-8.270627244,-8.986253914285713
55-MFCC.csv,-28.994300326523902,1.9893433782033063,-4.308432959967102,28.02371848339243,5.273807590337742,3.939002701437016,23.475641266666667,17.495212356000003,15.252838242857145,-185.9719333333333,-14.86103925,-17.237642857142855,209.44757459999997,32.356251606,32.4904811,6.88256339989027e-17,-6.452403187397128e-19,2.253220160678362e-19,6.63683433709558,1.677584311472571,1.6453123978975903,66.98255066666667,11.405908422,8.434238814285715,-22.584788333333343,-11.34112565,-12.580853985714285
56-MFCC.csv,-33.62386607567722,5.378487413904861,-2.8090235290815557,23.908269379532218,4.583794634991545,6.257426896680255,24.65843533333333,21.8415121,22.814303471428577,-176.34218333333334,-11.66979644,-20.161264928571427,201.00061866666667,33.51130854,42.9755684,2.1165769931070947e-17,9.810450725791166e-19,-9.795139838977602e-19,5.260725625914383,1.4421753605485184,1.8105915385866822,60.324547666666675,8.633389710000001,10.409576157142855,-35.367810000000006,-12.782003748000001,-11.716645657142857
57-MFCC.csv,-24.715814992749554,6.749343844881209,-1.494867705468219,24.749714238272375,4.830810094731097,4.079382576240086,25.084005666666663,23.1135473,21.040324400000003,-175.46724333333336,-11.8991645,-15.9331565,200.551249,35.0127118,36.973480900000006,-3.460011484315078e-17,-4.896242666483601e-19,1.7850884721554795e-20,4.466955753696595,1.5294151348287544,1.5088009185398557,112.60439893333327,8.764765840000003,7.863431369999999,-22.942673,-10.379604829999998,-9.172164837142859
58-MFCC.csv,-33.86248628359999,7.887529472972944,-2.9322146430777694,29.099223536611333,4.516593006617708,4.409875679166578,21.140276333333336,25.45712144,20.206884857142857,-189.84574333333333,-11.2237191,-17.544678457142858,210.98601966666666,36.680840540000005,37.75156331428572,-1.283345080293652e-16,4.96636112933903e-19,5.894634741680221e-19,5.510517963973838,1.7206889186825898,1.6247214575291005,40.09420766666666,11.704565784000001,8.737323015714285,-25.517768,-12.71308177,-9.490467724285713
59-MFCC.csv,-41.29587334978662,1.5601414183348432,-4.309389887596237,17.669969790830784,4.593584136792889,3.788184655120399,-8.766986666666668,15.246283939999998,9.067827514285714,-129.47199666666666,-15.4687071,-17.264097714285715,120.70500999999999,30.714991039999997,26.33192522857143,-0.0013745164340164175,-0.00031496894364419793,0.00023537846563282208,3.6560806024197454,1.515106184823329,1.6772902644454242,41.08645333333332,7.20585979,6.7734498,-18.64664466666666,-8.545916645,-8.753586471428571
60-MFCC.csv,-22.558324626169075,4.398890402383681,0.016221047405901384,24.80143034785937,4.049613578941806,4.844363432530465,18.468907,19.83686055,18.567732185714284,-177.99723333333336,-11.79123015,-13.834679814285716,196.46614033333336,31.6280907,32.402412,0.0002566543993041859,0.0002454628267422501,0.00014011021730328028,4.300486880811923,1.4701103022802315,1.8422367340408727,61.64785066666666,9.61585941,8.674917771428571,-32.201458333333335,-10.25211088,-9.556204934285711
61-MFCC.csv,-7.840636000594262,3.536661393966691,-3.4097298950196993,28.73584283992455,3.2647082783085732,2.9793723256942126,30.86130533333333,17.226524790000003,9.297029242857144,-154.51563333333334,-6.223495402999999,-15.14330522857143,185.37693866666666,23.450020193,24.440334471428574,4.3401388746253937e-17,1.3562933983204355e-18,6.054881242501944e-19,3.1478591599255688,1.2987490136036954,1.4426442963458477,73.55797933333336,6.046533505999999,6.536046899999999,-13.534238899999991,-6.1621728970000005,-10.045997352857142
62-MFCC.csv,-39.18363183814,6.6215527140326165,-0.9940000957511115,28.607938881662598,5.5371293879545975,5.978882624402311,20.48758533333333,24.9128424,24.960342442857147,-186.4448333333333,-14.4102226,-20.29104,206.93241866666662,39.323065,45.25138244285715,8.353545302850417e-17,-2.0474375742280434e-19,-1.0237187871140217e-19,5.458231990058504,1.6435632746763702,1.767374480158089,80.7954173333333,9.76687389,9.44971331642857,-26.694566666666674,-12.23018189,-11.40497576142857
63-MFCC.csv,-30.49692713388695,-2.3338787832364405,-7.526041863183387,15.75054040530554,3.963239026683773,3.112298076823256,4.4849923333333335,16.89046389,8.076454,-191.3950333333333,-14.67113508,-17.837296000000002,195.88002566666663,31.56159897,25.91375,-0.007626612680513194,0.0002628068421264578,0.00018931061175174853,4.454421419260002,1.6996496449161729,1.7631243698880403,46.1173153333333,7.781124995,8.396647295714283,-74.7979906666666,-7.84907727,-10.121133085714288
64-MFCC.csv,-54.61705266754776,2.260931795175761,-1.1253785550372517,27.642075854782426,3.9587794726993812,4.407136405029923,2.7817000000000056,14.36424731,13.56398139,-202.3383,-16.528930369999998,-20.960386571428568,205.12,30.893177679999997,34.52436796142857,-6.045762539831845e-17,1.035233311615042e-18,-1.4557968444586527e-19,6.278411511276532,2.0191475216617123,1.9601404175256372,63.05434700000002,8.530329570000001,8.766553657142852,-19.540868333333336,-14.521078075000002,-8.671989371428571
65-MFCC.csv,-56.93391582467238,4.269565380724782,-4.279897093984188,29.694968422314258,4.909397909832471,5.3251831011146225,5.743176666666673,20.52275166,25.93663805714285,-195.98551333333333,-17.17691838,-18.131679471428573,201.72869,37.69967004,44.06831752857143,-3.540675382500001e-18,4.463878826960451e-19,4.0800751478027353e-19,5.265994761345992,1.6310167996524565,1.5476252625821103,52.22304066666666,8.503865386000001,8.123554504857145,-27.271746666666658,-17.17691838,-10.203811325714282
66-MFCC.csv,-37.20208914587831,-2.4631147935576516,-7.047343684292592,36.517547936003,3.8260401052119164,4.286819574349788,5.734186666666673,9.394567459999998,8.949224214285714,-190.7305,-14.980710770000002,-19.369135,196.4646866666667,24.37527823,28.318359214285714,0.000734318918918878,0.0003616819919919928,0.0005303365665665654,4.024101846690633,1.4796555122811417,1.666399855963836,32.720824666666665,6.711963529999999,8.492914971428572,-17.680600000000005,-9.134619840000001,-9.188747985714285
67-MFCC.csv,-48.8124657399841,-6.732133969190983,-6.777450178256001,22.98712327157964,4.943337507528006,3.3461456682532216,-3.908548666666659,13.233243000000002,6.506154695714286,-198.29372,-20.60920318,-17.511233,194.38517133333335,33.84244618,24.017387695714287,0.01180950303354751,-0.00025099482976445353,-0.0004043126904252063,3.945507694737978,1.4508084891497708,1.5544238105377062,49.91971400000003,6.906816063999999,6.182064774285714,-34.02545999999999,-10.352256830000002,-10.744185085714289
68-MFCC.csv,-42.3335583793965,5.471252265179231,-3.794047156860239,29.518365333257613,4.460603576649937,4.920335974612862,19.529416333333337,19.22805847,14.1735286,-199.1047333333333,-10.55522114,-20.479746557142857,218.63414966666662,29.78327961,34.65327515714286,9.178066438837511e-17,1.1834582028234048e-19,4.385756869286736e-19,5.955261556643173,1.6586188644727018,1.6611872849691731,41.06917966666666,9.775238104,8.354587468571427,-31.952105666666625,-9.475312603399999,-11.070825602142856
69-MFCC.csv,-12.057917909022274,7.329204757082085,1.2498668922785285,29.9305980629611,4.722273414369493,4.53907857518591,37.386477,22.501026380000003,16.540851857142854,-175.37481666666667,-11.118633480000002,-14.896533,212.7612936666667,33.619659860000006,31.437384857142852,8.881622634765805e-06,-1.4330435442348073e-06,-1.6274829678517114e-06,7.50239481618857,1.7149319717913372,2.0184901835207762,55.318998033333344,9.7201456628,11.66628278142857,-22.159670333333334,-10.998186789999998,-16.741569657142858
70-MFCC.csv,-64.77039754230445,4.503453312435032,1.2479860253958555,25.837806060942892,5.80647278833986,5.048067325146838,-5.94184433333334,21.65353706,23.20983088571429,-203.0132,-18.22814343,-14.896291974285717,197.07135566666668,39.88168049,38.106122860000006,-1.949001499230759e-17,1.234587098330295e-19,-6.954840653927328e-19,7.383671177084978,1.8076005335129248,1.9588843151977164,79.73532833333331,12.162016690000002,8.992148100000003,-32.33193000000001,-12.186807459999999,-18.725840271428574
71-MFCC.csv,-27.273966718049017,0.035085004436191856,-2.943750285079196,15.85542274836491,4.99664894366049,4.844209543875347,14.273869333333336,13.922424819999998,13.440491499999998,-187.0479,-17.341295,-19.14497042857143,201.32176933333332,31.26371982,32.585461928571426,0.0018230643078266699,-0.00012529209751581077,-1.1913966644147684e-05,4.370424166869911,1.7009225515603976,1.813298425967205,29.542493333333333,9.542421250000002,9.887992342857144,-17.529811333333342,-10.402809437000002,-8.977709928571427
72-MFCC.csv,-37.43271613542598,3.9122514667313695,1.384588388517298,28.018234617372922,5.244274147168334,5.815024172241107,15.425671999999995,22.68280955,22.52874642857143,-177.19860000000003,-13.94187866,-17.312157004285716,192.62427200000002,36.62468821,39.84090343285715,-1.5494701402868228e-17,-1.87342929908191e-19,3.919790533463689e-19,4.448159450575537,1.5329140644051806,1.6341918352331672,36.638330999999994,7.633325419999999,10.202713242857143,-21.62589933333333,-9.357489269999999,-10.045163514285719
73-MFCC.csv,-70.84364997363663,0.20503655855094435,0.05100181783254333,31.53454178781544,5.1105624465756705,5.182877152676059,-1.914862666666669,19.8320455,17.222306514285712,-211.62612,-14.332016187,-17.282487671428573,209.71125733333332,34.164061687,34.50479418571429,-9.675710826419027e-18,-1.1230735780664943e-18,-2.418927706604757e-18,8.23214533184414,2.024107010905458,2.071380920692259,69.29001416666668,10.84398489,11.1860344,-33.328407,-21.770326816,-11.3741594
74-MFCC.csv,-59.11427075468598,1.8221446853767465,-0.907469173158165,36.68873160141622,8.28466040044136,5.006351638380933,3.4659026666666697,26.63279747,23.53319385714285,-208.2981333333333,-19.21059797,-20.550194,211.76403599999998,45.843395439999995,44.08338785714285,-5.796931171500613e-18,1.2882069270001364e-18,-8.151934459922737e-19,8.080198174536113,2.1404564408647917,1.9977289895621864,95.89262690000001,16.89635818,10.930085634285714,-40.897188,-18.74279865,-14.111470571428574
75-MFCC.csv,-51.4061524878016,-0.04860069742273687,-8.463753199369986,34.35676078531868,3.418450427110555,5.214589594985556,-10.224818566666672,14.13533726,12.202547185714286,-219.19403333333327,-13.973986655,-23.739420442857146,208.9692147666666,28.109323914999997,35.94196762857143,0.0001758705196537216,0.00019041508994003975,0.00017676397877605375,2.980426913121709,1.2287235056958117,1.471130182194721,35.61535566666667,8.90002594,6.259578157142858,-38.19807956666668,-6.708331030000001,-7.674663291428572
76-MFCC.csv,-38.878781152710225,4.556382082069998,-3.164435586162075,22.14189388761854,4.9237691737578215,4.493206609826394,11.522341666666671,19.999223559000004,20.0594109,-192.6871333333333,-14.2747869,-20.62194985714286,204.20947499999997,34.274010459,40.681360757142855,-9.226884196475739e-17,-7.392972850584184e-19,2.1838359341744836e-18,6.571566832689036,1.9311723432442987,1.9823280756404336,47.86917066666667,9.52781222,10.296545527182744,-25.44669999999999,-11.844247235000001,-11.347269704285715
77-MFCC.csv,-42.64355921630583,4.560618101622598,-0.4778251246142538,26.684674708249208,5.008279584511442,6.067186453973964,10.012725666666668,21.57522292,30.43979657142857,-184.709,-15.068033350000002,-17.297422428571426,194.72172566666666,36.64325627,47.737218999999996,-5.901015054225704e-17,6.608646291572632e-19,-3.9517045111290234e-19,5.470851903917727,1.6206013844297944,1.6908885259963622,42.59462499999999,9.33696633,11.244276419999998,-28.45047,-10.035912059,-10.555933271428572
78-MFCC.csv,-28.05617235990093,9.933398830285187,3.075687122790843,28.900362820792537,4.4116308276615,3.559777789995596,20.128026,26.59918855,17.9942028,-184.8958,-13.336415046,-13.340691857142858,205.023826,39.935603596,31.334894657142858,2.5614357670946824e-05,2.813257707948236e-05,2.735735773699494e-05,8.567691093500548,2.0239372659896446,1.8602023125230316,83.59723166666666,23.125219060000003,9.308772857142857,-74.69403666666668,-23.39708497,-11.074244907142857
79-MFCC.csv,-61.07343033674122,6.519488748969739,3.98276374810321,27.17766998706207,5.545516797106372,5.764775096662859,2.137995000000001,27.156660349999992,23.14780257142857,-198.79006666666663,-11.81455996,-14.596552985714288,200.92806166666662,38.97122030999999,37.74435555714286,-4.813567521450421e-18,3.5373140233314857e-19,7.544702999929614e-19,4.523737298767766,1.525617886834032,1.774003967778146,44.55608,8.44038918,10.321955471428572,-25.518099999999997,-9.6844513406,-11.48382412857143
80-MFCC.csv,-19.685157439734915,3.1928398023459157,-2.1874048802349586,18.959388488615534,3.7854275728653675,5.002455635165516,18.530620000000003,16.93369763,21.42778347142857,-178.04523333333336,-13.161117900000002,-18.456402571428573,196.57585333333336,30.094815530000005,39.88418604285714,0.00022195234849425454,0.00020705553104473953,0.00010891791246923875,3.5125455660660148,1.4038724519979076,1.6878460812578417,34.415598666666654,7.757162357,7.692454972285715,-28.075749333333334,-8.378713974000002,-14.18934757142857
81-MFCC.csv,-15.878301502753297,5.000682597251874,-1.4614941642888206,27.74234324536326,6.163191292125629,3.672727848337851,30.479032333333336,25.42051124,10.521526742857144,-167.56571333333332,-13.012179129999998,-14.790887914285712,198.04474566666664,38.432690369999996,25.312414657142856,-3.109596217768491e-18,7.819541270267446e-19,5.830492908315921e-19,3.084811593887388,1.338137449617663,1.545614423869821,32.37627499999999,5.92161962,6.274451431428571,-20.31819609433333,-7.7442462899999995,-7.5772091628571445
82-MFCC.csv,-44.054834929228406,-0.6749010120862735,-4.768879586203041,22.624504086190743,4.476329438242388,4.252605836335231,-1.3234700000000004,16.0136516,14.159262299999998,-188.67656666666667,-17.2037931,-18.191095,187.35309666666666,33.2174447,32.3503573,5.311495716198624e-17,-3.3156165814199436e-19,-4.647965575794215e-19,4.008336565073513,1.5229730773969523,1.660048837939454,42.96649933333333,9.24424315,7.734716780857145,-97.72014717333332,-9.488436336,-10.063935242857143
83-MFCC.csv,-39.62952949653682,1.1043862741404589,-6.098611471946629,21.72886606491014,4.641333470919779,4.393488160297531,10.89425433333333,18.15226123,10.121934594285715,-190.68982000000003,-13.96831263,-21.0420368,201.58407433333335,32.12057386,31.163971394285717,-0.003450566682168172,9.515195124786964e-05,-1.7764089122392932e-05,4.683889005929603,1.563041066657963,1.636613096758031,60.86256466666666,8.182364686000003,9.244239428571426,-97.69919500000003,-14.91155188,-10.194723714285715
84-MFCC.csv,-36.308811006375315,-2.169237973309824,-7.679639995390705,12.542616784697424,3.8695073353650162,3.4244371324334395,-4.404002333333331,11.27010299,6.95745351,-191.5073168,-14.566639434,-19.74957285714286,187.1033144666667,25.836742424,26.70702636714286,-0.007848284701604433,0.0003563716040260883,8.414638198059242e-05,3.6094899510831153,1.5926941323755714,1.6661455875966362,27.935322333333346,8.738198220000001,6.998102957142857,-88.47433733333331,-7.28912143,-7.0232330228571405
85-MFCC.csv,-45.984832401407544,3.880046205244513,0.12513788239626977,24.645512728849578,5.4238560259627855,6.202619045739773,5.315281999999996,19.952931780000004,20.410251546428576,-188.50946666666667,-17.90178479,-17.911105142857142,193.82474866666666,37.85471657000001,38.32135668928572,-1.614520390712195e-17,-3.859112169020034e-19,9.625256421563587e-19,5.502453730041542,1.6267142854041314,1.8701391952870317,42.64572333333332,10.554672133,10.211740678814285,-23.530509999999996,-9.29629203,-11.004972642857146
86-MFCC.csv,2.2512328051825614,3.5015326907600928,-0.3287052011063973,24.20060313664765,5.945353304202392,4.143716934854694,44.29677833333333,23.08778014,14.8465905,-161.81996666666666,-19.412317439,-16.558631428571427,206.11674499999998,42.500097579,31.40522192857143,-4.289129550883674e-17,0.0,3.747223397949446e-19,5.945321454653899,2.0074864453212817,1.7954811922421443,47.62394566666666,15.337086069999998,11.376440014285716,-26.63315499999999,-13.16636364,-8.44335731142857
87-MFCC.csv,-34.67507434378035,3.9006756745199422,-3.169360046344505,35.053611885168024,5.329130871495833,4.23917505846877,17.317102000000002,22.25451382,12.016409857142856,-197.89365666666663,-19.85668916,-21.990533,215.21075866666664,42.11120298,34.00694285714285,7.554530303020794e-05,8.162124483970152e-05,7.523661710270446e-05,3.032881013427625,1.3719570607082299,1.5705708504935767,29.898890999999963,8.08912309,6.402427017142857,-21.08816516666664,-7.463309184000002,-7.814399278571431
88-MFCC.csv,-38.19612060537397,2.116434721282069,-2.6120661977752757,26.732343712141684,4.292499360224892,4.367466864149864,18.00292,17.98289528,22.56612621428571,-182.04873333333333,-17.2943097,-16.234034428571427,200.05165333333332,35.27720498,38.800160642857136,-5.5387518377736097e-17,-5.6517875895649075e-19,-5.654547251473875e-19,4.2990110609924175,1.523635640891186,1.56487821607749,55.557830166666655,9.078172350000001,7.845371808571428,-28.79547366666666,-16.186251029999998,-9.656898342857142
89-MFCC.csv,-22.966431942463597,2.8854043981713544,-2.7641842609062013,22.685688362225847,5.254300809149807,4.640267057149657,33.280764999999995,21.83176137,15.361347328571432,-174.19285,-16.594782849999998,-19.27228704285714,207.473615,38.42654422,34.63363437142857,-5.9968641793111906e-18,2.4094543577589603e-19,2.7608331182654755e-20,6.753665247383033,1.8549040247023754,1.8496974713255525,56.969098166666676,12.06775763,9.844760278571428,-30.050561333333324,-16.755182209999997,-13.773109715714288
90-MFCC.csv,-19.408677157519215,4.185337075617315,-1.9760058442389008,28.18986339752529,3.762670573594127,3.2318428814325735,23.6324013,16.09092311,9.703938771428572,-188.5362,-9.31385265,-16.93603807142857,212.1686013,25.40477576,26.63997684285714,5.580514521181232e-06,5.924514185089268e-06,5.134750557311519e-06,2.499515694093454,1.1718020095427852,1.4186402781924738,23.583635666666652,4.663807253999998,6.323350694285715,-18.143898000000007,-4.685584714000001,-5.053115328571431
91-MFCC.csv,-38.81551294167228,4.298079578619721,-1.2225553591632203,24.82488673227675,5.284848162675643,7.243037647527405,17.014212666666662,20.05370033,29.876756642857146,-175.9121,-15.83376863,-21.036070428571428,192.92631266666666,35.88746896,50.91282707142857,2.2828682273416874e-17,1.735420152071577e-18,3.5565314637998393e-19,5.489166466917676,1.8402593416605741,1.8769505094877237,46.12768133333333,11.27015312,11.390581157142858,-29.020903333333337,-10.967080066000001,-10.678644912857145
92-MFCC.csv,-39.9165644920415,0.29167975040658695,-4.436595005170357,23.956892931499308,5.836281985572249,4.064170505791225,5.238793333333331,16.98586154,12.073463785714283,-186.90824333333333,-19.86354857,-20.903759285714283,192.14703666666665,36.849410109999994,32.97722307142857,-2.4979530172617338e-17,-1.5611062885740483e-18,-6.637093489010402e-19,5.462145538246232,1.9985599555471711,1.8309839828504462,48.528666666666666,11.49079429,9.286065542857143,-27.318673666666655,-11.65987338,-10.311308845714287
93-MFCC.csv,-45.78085293821625,-0.6544995048670951,-7.920313761837537,20.469121070354067,5.123827161686466,3.213349207417523,6.888843333333327,19.337274806,11.231546857142858,-198.6703,-17.961750486,-19.525548622857144,205.55914333333334,37.299025291999996,30.757095480000004,-0.005139958538419472,0.0003917532865053342,0.00033467714139224223,4.259770588191364,1.6178081888096474,1.6251283922666102,60.93600566666666,9.222594520000001,6.974394971428572,-72.14711700000001,-13.859747689999999,-8.878197557142856
94-MFCC.csv,-52.40208497990866,2.429815582193235,-1.814219906423061,21.06611476006687,4.38529436165768,4.632631541551041,12.458178000000006,17.08571543,14.391620479142858,-180.63438,-20.61639115,-19.323240728571427,193.092558,37.70210658,33.714861207714286,2.7905226259632506e-17,-5.912124207549259e-20,-6.170779641629539e-19,4.658039578160964,1.6416520037979925,1.7253677642630176,45.109029666666686,9.11274931,9.72902371,-21.357570666666675,-11.4766870003,-7.370113047142857
95-MFCC.csv,-23.219773556968764,3.2241142723315135,-3.4241665554075293,31.583774789719367,5.798784483147652,5.109879101604691,31.252198,21.78127703,16.331204142857143,-171.75879999999998,-12.54005261,-21.17918978571429,203.01099799999997,34.32132964,37.51039392857143,6.553095059711069e-17,1.9503259106282944e-18,7.801303642513178e-19,3.301524976918164,1.3778285208919974,1.5604163885651925,48.94036333333334,7.139938853999999,6.048519975714286,-19.511374,-10.235692581,-9.131620965714285
96-MFCC.csv,-36.454656072688834,-5.833323301665242,-5.879082742004068,17.155702794740556,4.558357168201274,4.483958737815147,9.446253333333331,8.5106526168,12.614850157142858,-172.581626,-22.60626788,-19.28999171428572,182.02787933333332,31.1169204968,31.904841871428577,-0.0030976789965364007,-9.291701412263557e-05,0.00010439096887583425,3.9612212457306044,1.5479681070139861,1.6518901512692297,36.31169253333332,9.87669451,7.482480428571428,-59.505176333333324,-9.32939597,-8.887686842857143
97-MFCC.csv,-28.663404906788024,-5.6906103069225225,-7.922453764975712,11.267042313172837,3.4842344820807396,3.2645740678047552,2.6127233333333373,7.3855356,9.644744285714284,-195.7038,-20.025084900000003,-20.81606478571429,198.31652333333335,27.410620500000004,30.46080907142857,-0.004067853739864298,1.793533195432679e-05,0.0002133949888891515,4.41024547977929,1.6853788732331,1.6757043598414845,28.178786666666657,8.7434289,8.321777471428568,-60.797859566666716,-8.438941297,-7.494392997142857
98-MFCC.csv,-0.8002315320783207,10.403757523206675,-0.8625132113734371,16.806398561715888,5.699720205438027,3.905056148406773,41.32145033333334,24.00478476,15.509109285714285,-173.82491000000002,-10.42490713,-14.570078285714285,215.14636033333335,34.42969189,30.07918757142857,0.0014496836850148524,0.0003510209703607793,0.00012564371982463443,5.130013086800079,1.6740834835416818,1.6776789944907362,98.36028400000001,9.00461524,8.554149848571427,-21.972421000000004,-8.584218530000001,-11.048100399999997
99-MFCC.csv,-45.09633694796098,3.0025039483289957,-0.40013020308258296,27.477270805479073,4.332576388578275,5.782609519389288,6.032326666666665,18.1255448,24.068496857142858,-179.37900736666668,-13.6672874,-17.24276742857143,185.41133403333336,31.7928322,41.31126428571429,7.490661370964911e-17,4.584128703585297e-19,4.462210387000582e-19,6.692948893268291,1.8202690183390458,1.9387140703679415,56.105357000000005,9.18737566,10.94798642857143,-27.927489466666657,-11.326678755999998,-11.364046478571428
